Company Name,Model Name,Mobile Weight,RAM,Front Camera,Back Camera,Processor,Battery Capacity,Screen Size,Launched Price (Pakistan),Launched Price (India),Launched Price (China),Launched Price (USA),Launched Price (Dubai),Launched Year
OnePlus,OnePlus 12 256GB,205g,12GB,32MP,50MP + 48MP,Snapdragon 8 Gen 3,5000mAh,6.7 inches,"PKR 219,999","INR 74,999","CNY 5,999",USD 799,"AED 3,199",2024
OnePlus,OnePlus 12R 256GB,203g,12GB,16MP,50MP + 8MP,Snapdragon 8 Gen 2,4500mAh,6.7 inches,"PKR 169,999","INR 49,999","CNY 4,299",USD 699,"AED 2,599",2024
OnePlus,OnePlus 11 256GB,205g,12GB,16MP,50MP + 48MP,Snapdragon 8 Gen 1,5000mAh,6.7 inches,"PKR 179,999","INR 54,999","CNY 4,999",USD 699,"AED 2,799",2023
OnePlus,OnePlus 11R 256GB,202g,12GB,16MP,50MP + 8MP,Snapdragon 8 Gen 1,5000mAh,6.7 inches,"PKR 159,999","INR 44,999","CNY 3,799",USD 599,"AED 2,499",2023
OnePlus,OnePlus Nord 3 256GB,190g,12GB,16MP,50MP + 8MP,MediaTek Dimensity 9000,5000mAh,6.74 inches,"PKR 119,999","INR 34,999","CNY 3,499",USD 499,"AED 1,999",2023
OnePlus,OnePlus Nord CE 3 128GB,179g,8GB,16MP,50MP + 2MP,Snapdragon 782G,5000mAh,6.72 inches,"PKR 85,000","INR 22,999","CNY 2,799",USD 399,"AED 1,499",2023
OnePlus,OnePlus Nord CE 3 Lite 128GB,195g,8GB,16MP,108MP,Snapdragon 695,5000mAh,6.72 inches,"PKR 59,999","INR 17,999","CNY 2,099",USD 299,"AED 1,199",2023
OnePlus,OnePlus Nord N30 5G 128GB,192g,8GB,16MP,64MP + 2MP,MediaTek Dimensity 6020,5000mAh,6.72 inches,"PKR 55,000","INR 16,999","CNY 1,999",USD 249,AED 999,2023
OnePlus,OnePlus Open 256GB,238g,16GB,32MP,48MP + 48MP,Snapdragon 8 Gen 2,4800mAh,7.8 inches,"PKR 299,999","INR 74,999","CNY 6,999","USD 1,099","AED 4,299",2024
OnePlus,OnePlus 10 Pro 256GB,200g,12GB,32MP,50MP + 48MP,Snapdragon 8 Gen 1,5000mAh,6.7 inches,"PKR 199,999","INR 64,999","CNY 4,999",USD 899,"AED 3,299",2022
OnePlus,OnePlus 10T 256GB,203g,12GB,16MP,50MP + 8MP,Snapdragon 8+ Gen 1,4500mAh,6.7 inches,"PKR 179,999","INR 54,999","CNY 4,699",USD 749,"AED 2,899",2022
OnePlus,OnePlus 9 Pro 256GB,192g,12GB,16MP,48MP + 50MP,Snapdragon 888,4500mAh,6.7 inches,"PKR 179,999","INR 59,999","CNY 4,199",USD 699,"AED 2,799",2021
OnePlus,OnePlus 9 128GB,183g,8GB,16MP,48MP + 50MP,Snapdragon 888,4500mAh,6.55 inches,"PKR 149,999","INR 39,999","CNY 3,699",USD 599,"AED 2,299",2021
OnePlus,OnePlus 11 Pro 256GB,204g,16GB,32MP,50MP + 48MP,Snapdragon 8 Gen 2,5000mAh,6.7 inches,"PKR 219,999","INR 74,999","CNY 6,399",USD 899,"AED 3,599",2023
OnePlus,OnePlus Nord 2T 128GB,190g,8GB,32MP,50MP + 8MP,MediaTek Dimensity 1300,4500mAh,6.43 inches,"PKR 69,999","INR 28,999","CNY 2,499",USD 399,"AED 1,699",2022
OnePlus,OnePlus Nord 2 128GB,190g,8GB,32MP,50MP + 8MP,MediaTek Dimensity 1200-AI,4500mAh,6.43 inches,"PKR 59,999","INR 27,999","CNY 2,299",USD 349,"AED 1,499",2021
OnePlus,OnePlus Nord N200 64GB,189g,4GB,16MP,13MP + 2MP,Snapdragon 480,5000mAh,6.49 inches,"PKR 39,999","INR 15,999","CNY 1,199",USD 199,AED 799,2021
OnePlus,OnePlus Nord N100 64GB,185g,4GB,8MP,13MP + 2MP,Qualcomm Snapdragon 460,5000mAh,6.52 inches,"PKR 29,999","INR 12,999","CNY 1,099",USD 179,AED 699,2020
OnePlus,OnePlus 8T Cyberpunk 2077 Edition 256GB,188g,12GB,16MP,48MP + 16MP,Snapdragon 865,4500mAh,6.55 inches,"PKR 139,999","INR 45,999","CNY 3,699",USD 749,"AED 2,999",2020
OnePlus,OnePlus 9T 128GB,192g,8GB,16MP,48MP + 50MP,Snapdragon 888,4500mAh,6.55 inches,"PKR 159,999","INR 49,999","CNY 4,199",USD 649,"AED 2,799",2021
OnePlus,OnePlus 8T 256GB,188g,12GB,16MP,48MP + 16MP,Snapdragon 865,4500mAh,6.55 inches,"PKR 119,999","INR 42,999","CNY 3,499",USD 599,"AED 2,499",2020
OnePlus,OnePlus 10T 5G 256GB,203g,12GB,16MP,50MP + 8MP,Snapdragon 8+ Gen 1,4500mAh,6.7 inches,"PKR 179,999","INR 54,999","CNY 4,699",USD 749,"AED 2,899",2022
OnePlus,OnePlus 9R 5G 128GB,189g,8GB,16MP,48MP + 5MP,Snapdragon 870,4500mAh,6.55 inches,"PKR 159,999","INR 39,999","CNY 3,499",USD 599,"AED 2,499",2021
OnePlus,OnePlus 8 Pro 256GB,199g,12GB,16MP,48MP + 48MP,Snapdragon 865,4510mAh,6.78 inches,"PKR 159,999","INR 54,999","CNY 4,999",USD 749,"AED 2,999",2020
OnePlus,OnePlus 8 128GB,180g,8GB,16MP,48MP + 16MP,Snapdragon 865,4300mAh,6.55 inches,"PKR 119,999","INR 41,999","CNY 3,499",USD 699,"AED 2,499",2020
OnePlus,OnePlus Nord CE 2 Lite 128GB,195g,6GB,16MP,64MP + 2MP,MediaTek Dimensity 900,5000mAh,6.59 inches,"PKR 49,999","INR 19,999","CNY 1,799",USD 249,AED 999,2022
OnePlus,OnePlus Nord CE 2 128GB,173g,8GB,16MP,64MP + 8MP,MediaTek Dimensity 1200,4500mAh,6.43 inches,"PKR 64,999","INR 23,999","CNY 2,499",USD 299,"AED 1,299",2022
OnePlus,OnePlus Nord 1 128GB,184g,6GB,16MP,48MP + 5MP,Snapdragon 765G,4115mAh,6.44 inches,"PKR 49,999","INR 22,999","CNY 2,099",USD 349,"AED 1,499",2020
OnePlus,OnePlus Nord CE 5G 128GB,170g,6GB,16MP,64MP + 8MP,Snapdragon 750G,4500mAh,6.43 inches,"PKR 54,999","INR 24,999","CNY 2,499",USD 299,"AED 1,499",2021
OnePlus,OnePlus Nord 2 5G 128GB,189g,8GB,32MP,50MP + 8MP,MediaTek Dimensity 1200-AI,4500mAh,6.43 inches,"PKR 69,999","INR 27,999","CNY 2,499",USD 399,"AED 1,699",2021
OnePlus,OnePlus Nord N100 5G 64GB,185g,4GB,8MP,13MP + 2MP,Qualcomm Snapdragon 460,5000mAh,6.52 inches,"PKR 29,999","INR 12,999","CNY 1,099",USD 179,AED 699,2020
OnePlus,OnePlus Nord N10 5G 128GB,190g,6GB,16MP,64MP + 8MP,Qualcomm Snapdragon 690,4300mAh,6.49 inches,"PKR 49,999","INR 19,999","CNY 1,799",USD 299,"AED 1,099",2020
OnePlus,OnePlus 8R 128GB,192g,8GB,16MP,48MP + 5MP,Snapdragon 865,4300mAh,6.55 inches,"PKR 119,999","INR 41,999","CNY 3,499",USD 649,"AED 2,499",2020
OnePlus,OnePlus 7R 128GB,190g,6GB,16MP,48MP + 5MP,Snapdragon 855,3700mAh,6.41 inches,"PKR 109,999","INR 38,999","CNY 3,199",USD 599,"AED 2,399",2020
OnePlus,OnePlus 6T McLaren Edition 256GB,185g,10GB,16MP,20MP + 16MP,Snapdragon 845,3700mAh,6.41 inches,"PKR 149,999","INR 50,999","CNY 4,699",USD 799,"AED 3,299",2018
OnePlus,OnePlus 5T Star Wars Edition 128GB,162g,6GB,16MP,16MP + 20MP,Snapdragon 835,3300mAh,6.01 inches,"PKR 89,999","INR 34,999","CNY 3,499",USD 649,"AED 2,499",2017
OnePlus,OnePlus 13R 128GB,210g,8GB,16MP,50MP + 8MP,Snapdragon 8 Gen 2,4500mAh,6.7 inches,"PKR 219,999","INR 74,999","CNY 6,499",USD 849,"AED 3,599",2023
OnePlus,OnePlus 11T 128GB,202g,12GB,32MP,50MP + 48MP,Snapdragon 8 Gen 2,5000mAh,6.7 inches,"PKR 199,999","INR 74,999","CNY 5,999",USD 799,"AED 3,499",2023
OnePlus,OnePlus 10R 128GB,205g,8GB,16MP,50MP + 16MP,MediaTek Dimensity 8100,4500mAh,6.7 inches,"PKR 169,999","INR 49,999","CNY 3,899",USD 599,"AED 2,499",2022
OnePlus,OnePlus 7 Pro 5G 256GB,206g,12GB,16MP,48MP + 8MP,Snapdragon 855,4000mAh,6.67 inches,"PKR 169,999","INR 59,999","CNY 4,699",USD 799,"AED 3,299",2019
OnePlus,OnePlus 6 Special Edition 128GB,177g,6GB,16MP,20MP + 16MP,Snapdragon 845,3300mAh,6.28 inches,"PKR 99,999","INR 37,999","CNY 3,499",USD 599,"AED 2,499",2018
OnePlus,OnePlus 5 Special Edition 128GB,155g,8GB,16MP,20MP + 16MP,Snapdragon 835,3300mAh,5.5 inches,"PKR 94,999","INR 36,999","CNY 3,299",USD 599,"AED 2,399",2017
OnePlus,OnePlus Nord X 128GB,190g,8GB,32MP,64MP + 8MP,Snapdragon 765G,4000mAh,6.44 inches,"PKR 69,999","INR 24,999","CNY 2,499",USD 299,"AED 1,299",2020
OnePlus,OnePlus 8 Pro McLaren Edition 256GB,199g,12GB,16MP,48MP + 8MP,Snapdragon 865,4510mAh,6.78 inches,"PKR 169,999","INR 59,999","CNY 4,999",USD 899,"AED 3,599",2020
OnePlus,OnePlus 8T Cyberpunk Edition 256GB,188g,12GB,16MP,48MP + 16MP,Snapdragon 865,4500mAh,6.55 inches,"PKR 169,999","INR 58,999","CNY 4,699",USD 799,"AED 3,299",2020
OnePlus,OnePlus 7T Pro 5G McLaren Edition 256GB,206g,12GB,16MP,48MP + 8MP,Snapdragon 855,4085mAh,6.67 inches,"PKR 179,999","INR 69,999","CNY 5,299",USD 899,"AED 3,799",2019
OnePlus,OnePlus 15R 128GB,210g,12GB,32MP,50MP + 8MP,Snapdragon 8 Gen 3,5000mAh,6.7 inches,"PKR 229,999","INR 74,999","CNY 6,499",USD 849,"AED 3,699",2023
OnePlus,OnePlus 14+ 128GB,202g,8GB,16MP,64MP + 8MP,Snapdragon 8 Gen 2,4800mAh,6.55 inches,"PKR 199,999","INR 69,999","CNY 5,999",USD 799,"AED 3,499",2023
OnePlus,OnePlus 13 Pro 256GB,215g,12GB,32MP,50MP + 48MP,Snapdragon 8 Gen 2,5000mAh,6.7 inches,"PKR 219,999","INR 74,999","CNY 6,199",USD 899,"AED 3,799",2023
OnePlus,OnePlus 12T 5G 256GB,200g,12GB,16MP,50MP + 8MP,Snapdragon 8 Gen 2,5000mAh,6.7 inches,"PKR 219,999","INR 74,999","CNY 5,899",USD 849,"AED 3,599",2023
OnePlus,OnePlus Pad,550g,8GB,8MP,13MP,MediaTek Dimensity 9000,9510mAh,11.61 inches,"PKR 94,999","INR 39,999","CNY 3,999",USD 499,"AED 1,799",2023
OnePlus,OnePlus Pad 2,550g,8GB,8MP,13MP,MediaTek Dimensity 9000,9510mAh,11.61 inches,"PKR 104,999","INR 44,999","CNY 4,499",USD 549,"AED 1,999",2024
OnePlus,OnePlus Pad Pro,610g,12GB,16MP,50MP,Snapdragon 8 Gen 3,11000mAh,12.4 inches,"PKR 169,999","INR 69,999","CNY 5,999",USD 799,"AED 2,599",2024
Vivo,X200 128GB,223g,12GB,32MP,50MP,Dimensity 9400,6000mAh,6.78 inches,"PKR 199,999","INR 119,999","CNY 6,999",USD 999,"AED 3,699",2024
Vivo,X200 256GB,223g,12GB,32MP,50MP,Dimensity 9400,6000mAh,6.78 inches,"PKR 219,999","INR 129,999","CNY 7,499","USD 1,099","AED 3,999",2024
Vivo,X200 Pro 256GB,223g,16GB,32MP,200MP,Dimensity 9400,6000mAh,6.78 inches,"PKR 229,999","INR 139,999","CNY 7,999","USD 1,199","AED 4,399",2024
Vivo,X200 Pro 512GB,223g,16GB,32MP,200MP,Dimensity 9400,6000mAh,6.78 inches,"PKR 249,999","INR 149,999","CNY 8,499","USD 1,299","AED 4,699",2024
Vivo,X200 Pro Mini 256GB,187g,16GB,32MP,50MP,Dimensity 9400,5700mAh,6.31 inches,"PKR 189,999","INR 109,999","CNY 6,499",USD 949,"AED 3,499",2024
Vivo,V40e 128GB,179g,8GB,44MP,64MP,Snapdragon 778G,4100mAh,6.44 inches,"PKR 79,999","INR 44,999","CNY 2,999",USD 449,"AED 1,649",2024
Vivo,Y200 GT 128GB,190g,12GB,16MP,64MP,Dimensity 1200,5000mAh,6.58 inches,"PKR 69,999","INR 39,999","CNY 2,499",USD 399,"AED 1,499",2024
Vivo,T3 5G 128GB,180g,8GB,16MP,50MP,Snapdragon 870,5000mAh,6.67 inches,"PKR 59,999","INR 34,999","CNY 2,299",USD 349,"AED 1,299",2024
Vivo,Y100 5G 128GB,181g,8GB,16MP,64MP,Dimensity 900,4500mAh,6.38 inches,"PKR 54,999","INR 29,999","CNY 1,999",USD 299,"AED 1,099",2024
Vivo,S18 Pro 256GB,189g,12GB,32MP,108MP,Snapdragon 8 Gen 2,4700mAh,6.56 inches,"PKR 99,999","INR 59,999","CNY 3,999",USD 599,"AED 2,199",2024
Vivo,V30 Pro 128GB,192g,12GB,32MP,64MP,Dimensity 1100,4500mAh,6.44 inches,"PKR 89,999","INR 49,999","CNY 3,499",USD 549,"AED 1,999",2024
Vivo,iQOO 12 256GB,210g,16GB,16MP,50MP,Snapdragon 8 Gen 3,5000mAh,6.78 inches,"PKR 109,999","INR 64,999","CNY 4,499",USD 699,"AED 2,599",2024
Vivo,Z3 64GB,162g,6GB,12MP,16MP,Snapdragon 710,3315mAh,6.3 inches,"PKR 39,999","INR 22,999","CNY 1,699",USD 249,AED 899,2018
Vivo,V9 64GB,150g,4GB,24MP,16MP,Snapdragon 626,3260mAh,6.3 inches,"PKR 34,999","INR 19,999","CNY 1,499",USD 219,AED 799,2018
Vivo,X9 Plus 128GB,199g,6GB,20MP+8MP,16MP,Snapdragon 653,4000mAh,5.88 inches,"PKR 42,999","INR 24,999","CNY 2,199",USD 299,"AED 1,099",2017
Vivo,Y81 32GB,146g,3GB,5MP,13MP,MediaTek Helio P22,3260mAh,6.22 inches,"PKR 22,999","INR 12,999",CNY 999,USD 149,AED 549,2018
Vivo,X5Max 16GB,146g,2GB,5MP,13MP,Snapdragon 615,2300mAh,5.5 inches,"PKR 29,999","INR 16,999","CNY 1,299",USD 199,AED 699,2014
Vivo,V5 Plus 64GB,158g,4GB,20MP+8MP,16MP,Snapdragon 625,3055mAh,5.5 inches,"PKR 39,999","INR 22,999","CNY 1,699",USD 249,AED 899,2017
Vivo,Y95 64GB,163g,4GB,20MP,13MP+2MP,Snapdragon 439,4030mAh,6.22 inches,"PKR 29,999","INR 16,999","CNY 1,299",USD 199,AED 699,2018
Vivo,V3 Max 32GB,168g,4GB,8MP,13MP,Snapdragon 652,3000mAh,5.5 inches,"PKR 24,999","INR 13,999","CNY 1,199",USD 179,AED 649,2016
Vivo,X3S 16GB,153g,1GB,5MP,13MP,MediaTek MT6592,2000mAh,5.0 inches,"PKR 19,999","INR 10,999",CNY 899,USD 139,AED 499,2014
Vivo,Y66 32GB,155g,3GB,16MP,13MP,Snapdragon 430,3000mAh,5.5 inches,"PKR 27,999","INR 14,999","CNY 1,199",USD 179,AED 649,2017
Vivo,V19 128GB,176g,8GB,32MP,48MP,Qualcomm Snapdragon 712,4500mAh,6.44 inches,"PKR 49,999","INR 27,990","CNY 2,799",USD 399,"AED 1,499",2020
Vivo,V19 256GB,176g,8GB,32MP,48MP,Qualcomm Snapdragon 712,4500mAh,6.44 inches,"PKR 54,999","INR 31,990","CNY 3,199",USD 429,"AED 1,599",2020
Vivo,V17 Pro 128GB,201g,8GB,32MP,48MP,Qualcomm Snapdragon 675,4100mAh,6.44 inches,"PKR 54,999","INR 27,990","CNY 2,999",USD 399,"AED 1,499",2019
Vivo,V17 Pro 256GB,201g,8GB,32MP,48MP,Qualcomm Snapdragon 675,4100mAh,6.44 inches,"PKR 59,999","INR 33,990","CNY 3,199",USD 429,"AED 1,599",2019
Vivo,Y12s 64GB,191g,3GB,8MP,13MP,MediaTek Helio P35,5000mAh,6.51 inches,"PKR 18,999","INR 10,990",CNY 899,USD 159,AED 599,2020
Vivo,Y12s 128GB,191g,4GB,8MP,13MP,MediaTek Helio P35,5000mAh,6.51 inches,"PKR 22,999","INR 13,990","CNY 1,099",USD 179,AED 699,2020
Vivo,S1 Pro 128GB,185g,6GB,32MP,48MP,MediaTek Helio P65,4500mAh,6.38 inches,"PKR 39,999","INR 19,990","CNY 2,299",USD 249,AED 999,2019
Vivo,S1 Pro 256GB,185g,6GB,32MP,48MP,MediaTek Helio P65,4500mAh,6.38 inches,"PKR 44,999","INR 24,990","CNY 2,499",USD 269,"AED 1,099",2019
Vivo,Y11 32GB,190g,3GB,8MP,13MP,Qualcomm Snapdragon 439,5000mAh,6.35 inches,"PKR 18,499","INR 10,999",CNY 899,USD 149,AED 599,2019
Vivo,Y11 64GB,190g,3GB,8MP,13MP,Qualcomm Snapdragon 439,5000mAh,6.35 inches,"PKR 22,499","INR 13,490","CNY 1,099",USD 169,AED 649,2019
Vivo,V15 128GB,190g,6GB,32MP,48MP,MediaTek Helio P70,4000mAh,6.53 inches,"PKR 34,999","INR 22,990","CNY 2,199",USD 299,"AED 1,099",2019
Vivo,V15 256GB,190g,6GB,32MP,48MP,MediaTek Helio P70,4000mAh,6.53 inches,"PKR 39,999","INR 26,990","CNY 2,399",USD 319,"AED 1,199",2019
Vivo,X27 Pro 128GB,190g,8GB,32MP,48MP,Qualcomm Snapdragon 710,4000mAh,6.39 inches,"PKR 59,999","INR 35,990","CNY 3,499",USD 499,"AED 1,799",2019
Vivo,X27 Pro 256GB,190g,8GB,32MP,48MP,Qualcomm Snapdragon 710,4000mAh,6.39 inches,"PKR 64,999","INR 39,990","CNY 3,799",USD 549,"AED 1,999",2019
Vivo,Y30 128GB,193g,4GB,8MP,13MP,MediaTek Helio P35,5000mAh,6.47 inches,"PKR 24,999","INR 14,990","CNY 1,499",USD 199,AED 749,2020
Vivo,Y30 64GB,193g,3GB,8MP,13MP,MediaTek Helio P35,5000mAh,6.47 inches,"PKR 19,999","INR 11,990","CNY 1,299",USD 169,AED 649,2020
Vivo,Z1 Pro 64GB,159g,4GB,16MP,16MP,Qualcomm Snapdragon 712,4500mAh,6.53 inches,"PKR 29,999","INR 18,990","CNY 1,799",USD 249,AED 899,2019
Vivo,Z1 Pro 128GB,159g,6GB,16MP,16MP,Qualcomm Snapdragon 712,4500mAh,6.53 inches,"PKR 34,999","INR 22,990","CNY 2,099",USD 299,AED 999,2019
Vivo,X21 128GB,156g,6GB,12MP,12MP,Qualcomm Snapdragon 660,3200mAh,6.28 inches,"PKR 39,999","INR 24,990","CNY 2,299",USD 349,"AED 1,199",2018
Vivo,X21 64GB,156g,4GB,12MP,12MP,Qualcomm Snapdragon 660,3200mAh,6.28 inches,"PKR 34,999","INR 21,990","CNY 1,899",USD 299,AED 999,2018
Vivo,V23e 128GB,172g,8GB,50MP,64MP,MediaTek Helio G96,4050mAh,6.44 inches,"PKR 39,999","INR 20,999","CNY 1,799",USD 299,"AED 1,099",2021
Vivo,V23e 256GB,172g,8GB,50MP,64MP,MediaTek Helio G96,4050mAh,6.44 inches,"PKR 44,999","INR 24,999","CNY 1,999",USD 349,"AED 1,199",2021
Vivo,Y33s 128GB,182g,8GB,16MP,50MP,MediaTek Helio G80,5000mAh,6.58 inches,"PKR 34,999","INR 17,999","CNY 1,699",USD 239,AED 899,2021
Vivo,Y33s 64GB,182g,4GB,16MP,50MP,MediaTek Helio G80,5000mAh,6.58 inches,"PKR 29,999","INR 14,999","CNY 1,299",USD 179,AED 799,2021
Vivo,X60 Pro 256GB,190g,12GB,32MP,48MP,Qualcomm Snapdragon 870,4200mAh,6.56 inches,"PKR 109,999","INR 44,999","CNY 3,999",USD 899,"AED 1,999",2021
Vivo,X60 Pro 512GB,190g,12GB,32MP,48MP,Qualcomm Snapdragon 870,4200mAh,6.56 inches,"PKR 119,999","INR 49,999","CNY 4,199",USD 999,"AED 2,099",2021
Vivo,V20 Pro 128GB,173g,8GB,44MP,64MP,Qualcomm Snapdragon 765G,4000mAh,6.44 inches,"PKR 49,999","INR 25,999","CNY 2,699",USD 499,"AED 1,499",2020
Vivo,V20 Pro 256GB,173g,8GB,44MP,64MP,Qualcomm Snapdragon 765G,4000mAh,6.44 inches,"PKR 54,999","INR 29,999","CNY 2,999",USD 549,"AED 1,699",2020
Vivo,Y75 5G 128GB,179g,8GB,16MP,50MP,MediaTek Dimensity 700,5000mAh,6.58 inches,"PKR 54,999","INR 21,999","CNY 2,199",USD 349,"AED 1,299",2021
Vivo,Y75 5G 256GB,179g,8GB,16MP,50MP,MediaTek Dimensity 700,5000mAh,6.58 inches,"PKR 59,999","INR 25,999","CNY 2,499",USD 399,"AED 1,499",2021
Vivo,Y53s 128GB,190g,6GB,16MP,64MP,MediaTek Helio G80,5000mAh,6.58 inches,"PKR 34,999","INR 16,999","CNY 1,699",USD 229,AED 899,2021
Vivo,Y53s 64GB,190g,6GB,16MP,64MP,MediaTek Helio G80,5000mAh,6.58 inches,"PKR 29,999","INR 13,999","CNY 1,299",USD 179,AED 799,2021
Vivo,V15 Pro 128GB,185g,6GB,32MP,48MP,Qualcomm Snapdragon 675,3700mAh,6.39 inches,"PKR 44,999","INR 25,999","CNY 2,499",USD 399,"AED 1,499",2019
Vivo,V15 Pro 256GB,185g,6GB,32MP,48MP,Qualcomm Snapdragon 675,3700mAh,6.39 inches,"PKR 49,999","INR 29,999","CNY 2,799",USD 449,"AED 1,699",2019
Vivo,X70 Pro 128GB,185g,8GB,32MP,50MP,MediaTek Dimensity 1200,4450mAh,6.56 inches,"PKR 99,999","INR 39,999","CNY 4,299",USD 749,"AED 2,099",2021
Vivo,X70 Pro 256GB,185g,8GB,32MP,50MP,MediaTek Dimensity 1200,4450mAh,6.56 inches,"PKR 109,999","INR 44,999","CNY 4,699",USD 799,"AED 2,299",2021
Vivo,T1 5G 128GB,181g,6GB,16MP,50MP,Qualcomm Snapdragon 695,5000mAh,6.58 inches,"PKR 39,999","INR 17,999","CNY 1,799",USD 269,AED 999,2022
Vivo,T1 5G 256GB,181g,8GB,16MP,50MP,Qualcomm Snapdragon 695,5000mAh,6.58 inches,"PKR 44,999","INR 21,999","CNY 1,999",USD 319,"AED 1,099",2022
Vivo,X30 Pro 128GB,199g,8GB,32MP,64MP,Qualcomm Snapdragon 855,4200mAh,6.44 inches,"PKR 109,999","INR 47,999","CNY 4,599",USD 899,"AED 2,299",2019
Vivo,X30 Pro 256GB,199g,8GB,32MP,64MP,Qualcomm Snapdragon 855,4200mAh,6.44 inches,"PKR 119,999","INR 54,999","CNY 5,199",USD 949,"AED 2,499",2019
Vivo,V27 128GB,182g,8GB,50MP,50MP,MediaTek Dimensity 8200,4600mAh,6.78 inches,"PKR 79,999","INR 29,999","CNY 2,999",USD 599,"AED 1,699",2023
Vivo,V27 256GB,182g,8GB,50MP,50MP,MediaTek Dimensity 8200,4600mAh,6.78 inches,"PKR 84,999","INR 32,999","CNY 3,199",USD 649,"AED 1,899",2023
Vivo,V27 Pro 128GB,182g,8GB,50MP,50MP,MediaTek Dimensity 8200,4600mAh,6.78 inches,"PKR 89,999","INR 34,999","CNY 3,299",USD 699,"AED 1,899",2023
Vivo,V27 Pro 256GB,182g,8GB,50MP,50MP,MediaTek Dimensity 8200,4600mAh,6.78 inches,"PKR 94,999","INR 37,999","CNY 3,499",USD 749,"AED 2,099",2023
Vivo,V25 Pro 128GB,190g,8GB,32MP,64MP,MediaTek Dimensity 1300,4830mAh,6.56 inches,"PKR 79,999","INR 25,999","CNY 2,799",USD 599,"AED 1,599",2022
Vivo,V25 Pro 256GB,190g,8GB,32MP,64MP,MediaTek Dimensity 1300,4830mAh,6.56 inches,"PKR 85,999","INR 29,999","CNY 2,999",USD 649,"AED 1,799",2022
Vivo,X90 Pro 256GB,221g,12GB,32MP,50MP,MediaTek Dimensity 9200,4870mAh,6.78 inches,"PKR 199,999","INR 69,999","CNY 6,999","USD 1,099","AED 3,999",2022
Vivo,X90 Pro 512GB,221g,12GB,32MP,50MP,MediaTek Dimensity 9200,4870mAh,6.78 inches,"PKR 229,999","INR 79,999","CNY 7,499","USD 1,199","AED 4,499",2022
Vivo,Y100 128GB,190g,8GB,16MP,64MP,MediaTek Dimensity 900,4500mAh,6.44 inches,"PKR 59,999","INR 19,999","CNY 1,999",USD 399,"AED 1,199",2023
Vivo,Y100 256GB,190g,8GB,16MP,64MP,MediaTek Dimensity 900,4500mAh,6.44 inches,"PKR 64,999","INR 22,999","CNY 2,199",USD 449,"AED 1,399",2023
Vivo,T2 Series 128GB,190g,8GB,16MP,64MP,Qualcomm Snapdragon 695,4500mAh,6.44 inches,"PKR 49,999","INR 15,999","CNY 1,699",USD 299,AED 999,2023
Vivo,T2 Series 256GB,190g,8GB,16MP,64MP,Qualcomm Snapdragon 695,4500mAh,6.44 inches,"PKR 54,999","INR 18,999","CNY 1,799",USD 349,"AED 1,099",2023
Vivo,V23 5G 128GB,179g,8GB,50MP,64MP,MediaTek Dimensity 920,4200mAh,6.44 inches,"PKR 69,999","INR 27,999","CNY 2,799",USD 499,"AED 1,499",2022
Vivo,V23 5G 256GB,179g,8GB,50MP,64MP,MediaTek Dimensity 920,4200mAh,6.44 inches,"PKR 74,999","INR 32,999","CNY 3,199",USD 549,"AED 1,699",2022
Vivo,X80 256GB,206g,12GB,32MP,50MP,MediaTek Dimensity 9000,4700mAh,6.78 inches,"PKR 179,999","INR 59,999","CNY 5,999",USD 899,"AED 3,499",2022
Vivo,X80 512GB,206g,12GB,32MP,50MP,MediaTek Dimensity 9000,4700mAh,6.78 inches,"PKR 199,999","INR 69,999","CNY 6,499",USD 999,"AED 3,999",2022
Vivo,Y21 128GB,182g,4GB,8MP,13MP,MediaTek Helio P35,5000mAh,6.51 inches,"PKR 29,999","INR 12,999","CNY 1,299",USD 199,AED 699,2021
Vivo,Y21 64GB,182g,4GB,8MP,13MP,MediaTek Helio P35,5000mAh,6.51 inches,"PKR 26,999","INR 9,999","CNY 1,099",USD 179,AED 599,2021
Vivo,Pad 128GB,498g,6GB,8MP,13MP,Snapdragon 870,8040mAh,11 inches,"PKR 64,999","INR 34,999","CNY 2,499",USD 329,"AED 1,199",2022
Vivo,Pad 2 256GB,535g,8GB,8MP,50MP,MediaTek Dimensity 1200,8040mAh,11 inches,"PKR 74,999","INR 39,999","CNY 3,199",USD 399,"AED 1,399",2023
Vivo,Pad Air 128GB,510g,6GB,8MP,13MP,Snapdragon 870,8040mAh,10.4 inches,"PKR 58,999","INR 31,999","CNY 2,199",USD 279,AED 999,2023
Vivo,Pad 3 128GB,500g,6GB,8MP,13MP,Snapdragon 750G,8040mAh,11 inches,"PKR 62,999","INR 34,999","CNY 2,399",USD 349,"AED 1,199",2023
Vivo,Pad 3 Pro 256GB,550g,8GB,8MP,50MP,Snapdragon 888,8040mAh,12.3 inches,"PKR 84,999","INR 45,999","CNY 3,599",USD 449,"AED 1,599",2023
Vivo,Pad 4 Pro 256GB,560g,8GB,8MP,50MP,MediaTek Dimensity 9000,8040mAh,12.9 inches,"PKR 94,999","INR 49,999","CNY 4,299",USD 499,"AED 1,799",2024
iQOO,Pad 128GB,520g,6GB,8MP,13MP,Snapdragon 870,8040mAh,11 inches,"PKR 69,999","INR 37,999","CNY 2,699",USD 349,"AED 1,299",2023
iQOO,Pad 2 256GB,540g,8GB,8MP,50MP,Snapdragon 888,8040mAh,12.3 inches,"PKR 79,999","INR 43,999","CNY 3,499",USD 399,"AED 1,499",2024
iQOO,Pad 2 Pro 256GB,555g,8GB,8MP,50MP,Snapdragon 8 Gen 1,8040mAh,12.3 inches,"PKR 89,999","INR 49,999","CNY 3,899",USD 449,"AED 1,699",2024
Oppo,Find N3 512GB,239g,12GB,32MP,48MP + 64MP + 48MP,Snapdragon 8 Gen 2,4805mAh,7.82 inches,"PKR 299,999","INR 159,999","CNY 9,999","USD 1,399","AED 5,199",2023
Oppo,Find N3 Flip 256GB,198g,12GB,32MP,50MP + 32MP + 48MP,MediaTek Dimensity 9200,4300mAh,6.8 inches,"PKR 199,999","INR 109,999","CNY 6,999",USD 999,"AED 3,699",2023
Oppo,Find X8 Pro 256GB,210g,12GB,32MP,50MP + 50MP + 50MP,Snapdragon 8 Gen 2,5000mAh,6.8 inches,"PKR 249,999","INR 139,999","CNY 8,999","USD 1,299","AED 4,799",2024
Oppo,Find X8 256GB,195g,8GB,32MP,50MP + 50MP,Snapdragon 8 Gen 2,4800mAh,6.7 inches,"PKR 199,999","INR 119,999","CNY 7,499","USD 1,099","AED 4,099",2024
Oppo,Reno13 F 4G 256GB,192g,8GB,32MP,50MP + 8MP + 2MP,MediaTek Helio G100,5800mAh,6.67 inches,"PKR 79,999","INR 44,999","CNY 3,499",USD 499,"AED 1,899",2025
Oppo,Reno13 F 256GB,192g,8GB,32MP,50MP + 8MP + 2MP,MediaTek Helio G100,5800mAh,6.67 inches,"PKR 79,999","INR 44,999","CNY 3,499",USD 499,"AED 1,899",2025
Oppo,Reno13 Pro 512GB,210g,12GB,50MP,50MP + 50MP + 8MP,MediaTek Dimensity 8350,5800mAh,6.83 inches,"PKR 129,999","INR 69,999","CNY 5,999",USD 799,"AED 2,999",2025
Oppo,Reno13 256GB,200g,12GB,50MP,50MP + 8MP,MediaTek Dimensity 8350,5600mAh,6.59 inches,"PKR 99,999","INR 54,999","CNY 4,999",USD 699,"AED 2,599",2025
Oppo,Reno12 F 4G 256GB,187g,8GB,32MP,50MP + 8MP + 2MP,Snapdragon 685,5000mAh,6.7 inches,"PKR 69,999","INR 39,999","CNY 3,199",USD 449,"AED 1,699",2024
Oppo,Reno12 F 256GB,187g,8GB,32MP,50MP + 8MP + 2MP,Snapdragon 685,5000mAh,6.7 inches,"PKR 69,999","INR 39,999","CNY 3,199",USD 449,"AED 1,699",2024
Oppo,Reno12 Pro 512GB,190g,12GB,32MP,50MP + 32MP + 8MP,MediaTek Dimensity 8200,4600mAh,6.74 inches,"PKR 119,999","INR 64,999","CNY 5,499",USD 749,"AED 2,799",2024
Oppo,Reno12 256GB,185g,8GB,32MP,50MP + 8MP,MediaTek Dimensity 7050,5000mAh,6.7 inches,"PKR 89,999","INR 49,999","CNY 3,999",USD 599,"AED 2,199",2024
Oppo,Reno11 F 256GB,185g,8GB,32MP,64MP + 8MP + 2MP,MediaTek Dimensity 7050,5000mAh,6.7 inches,"PKR 79,999","INR 44,999","CNY 3,499",USD 499,"AED 1,899",2024
Oppo,Reno11 Pro 512GB,190g,12GB,32MP,50MP + 32MP + 8MP,MediaTek Dimensity 8200,4600mAh,6.74 inches,"PKR 109,999","INR 59,999","CNY 4,999",USD 699,"AED 2,599",2024
Oppo,A5 Pro 256GB,180g,8GB,16MP,50MP + 2MP,Dimensity 7300,6000mAh,6.7 inches,"PKR 89,999","INR 49,999","CNY 3,999",USD 599,"AED 2,199",2024
Oppo,A5 Pro 512GB,186g,12GB,16MP,50MP + 2MP,Dimensity 7300,6000mAh,6.7 inches,"PKR 99,999","INR 54,999","CNY 4,499",USD 699,"AED 2,499",2024
Oppo,A80 256GB,186g,8GB,8MP,50MP + 2MP,Dimensity 6300,5100mAh,6.67 inches,"PKR 79,999","INR 44,999","CNY 3,499",USD 499,"AED 1,899",2024
Oppo,A3 4G 128GB,186g,4GB,5MP,50MP,Snapdragon 6s 4G Gen 1,5000mAh,6.7 inches,"PKR 59,999","INR 34,999","CNY 2,999",USD 399,"AED 1,499",2024
Oppo,A3x 4G 128GB,186g,4GB,8MP,8MP + 2MP,Snapdragon 6s 4G Gen 1,5100mAh,6.67 inches,"PKR 64,999","INR 36,999","CNY 3,199",USD 449,"AED 1,699",2024
Oppo,A3x 4G 256GB,186g,6GB,8MP,8MP + 2MP,Snapdragon 6s 4G Gen 1,5100mAh,6.67 inches,"PKR 69,999","INR 39,999","CNY 3,499",USD 499,"AED 1,899",2024
Oppo,A3 128GB,186g,4GB,5MP,50MP,Snapdragon 6s 4G Gen 1,5000mAh,6.7 inches,"PKR 59,999","INR 34,999","CNY 2,999",USD 399,"AED 1,499",2024
Oppo,A3x 128GB,186g,4GB,8MP,8MP + 2MP,Snapdragon 6s 4G Gen 1,5100mAh,6.67 inches,"PKR 64,999","INR 36,999","CNY 3,199",USD 449,"AED 1,699",2024
Oppo,A3x 256GB,186g,6GB,8MP,8MP + 2MP,Snapdragon 6s 4G Gen 1,5100mAh,6.67 inches,"PKR 69,999","INR 39,999","CNY 3,499",USD 499,"AED 1,899",2024
Oppo,A3 128GB,186g,4GB,5MP,50MP,Snapdragon 6s 4G Gen 1,5000mAh,6.7 inches,"PKR 59,999","INR 34,999","CNY 2,999",USD 399,"AED 1,499",2024
Oppo,A60 128GB,186g,8GB,8MP,50MP + 2MP,Snapdragon 680 4G,5000mAh,6.67 inches,"PKR 69,999","INR 39,999","CNY 3,199",USD 449,"AED 1,699",2024
Oppo,A60 256GB,186g,8GB,8MP,50MP + 2MP,Snapdragon 680 4G,5000mAh,6.67 inches,"PKR 74,999","INR 42,999","CNY 3,499",USD 499,"AED 1,899",2024
Oppo,K12 Plus 256GB,192g,8GB,16MP,50MP,Snapdragon 7 Gen 3,6400mAh,6.7 inches,"PKR 109,999","INR 59,999","CNY 4,999",USD 699,"AED 2,599",2024
Oppo,K12 Plus 512GB,192g,12GB,16MP,50MP,Snapdragon 7 Gen 3,6400mAh,6.7 inches,"PKR 119,999","INR 64,999","CNY 5,499",USD 799,"AED 2,999",2024
Oppo,F27 128GB,175g,8GB,32MP,64MP + 2MP,Dimensity 7050,5000mAh,6.7 inches,"PKR 79,999","INR 44,999","CNY 3,499",USD 499,"AED 1,899",2024
Oppo,F27 256GB,175g,8GB,32MP,64MP + 2MP,Dimensity 7050,5000mAh,6.7 inches,"PKR 84,999","INR 47,999","CNY 3,799",USD 549,"AED 2,099",2024
Oppo,F27 Pro+ 256GB,177g,8GB,32MP,64MP + 2MP,Dimensity 7050,5000mAh,6.7 inches,"PKR 89,999","INR 49,999","CNY 3,999",USD 599,"AED 2,199",2024
Oppo,F27 Pro+ 512GB,177g,12GB,32MP,64MP + 2MP,Dimensity 7050,5000mAh,6.7 inches,"PKR 99,999","INR 54,999","CNY 4,499",USD 699,"AED 2,499",2024
Oppo,F25 Pro 128GB,173g,8GB,32MP,64MP + 2MP,Snapdragon 778G,4500mAh,6.55 inches,"PKR 74,999","INR 42,999","CNY 3,499",USD 549,"AED 1,999",2023
Oppo,F25 Pro 256GB,173g,8GB,32MP,64MP + 2MP,Snapdragon 778G,4500mAh,6.55 inches,"PKR 79,999","INR 44,999","CNY 3,799",USD 599,"AED 2,199",2023
Oppo,Pad 3 128GB,533g,8GB,8MP,13MP,Dimensity 8350,9510mAh,11.6 inches,"PKR 99,999","INR 54,999","CNY 4,499",USD 699,"AED 2,499",2024
Oppo,Pad 3 256GB,533g,12GB,8MP,13MP,Dimensity 8350,9510mAh,11.6 inches,"PKR 109,999","INR 59,999","CNY 4,999",USD 799,"AED 2,799",2024
Oppo,Pad 3 Pro 256GB,586g,12GB,8MP,13MP,Snapdragon 8 Gen 3,9510mAh,12.1 inches,"PKR 119,999","INR 64,999","CNY 5,499",USD 899,"AED 3,299",2024
Oppo,Pad 3 Pro 512GB,586g,16GB,8MP,13MP,Snapdragon 8 Gen 3,9510mAh,12.1 inches,"PKR 129,999","INR 69,999","CNY 5,999",USD 999,"AED 3,699",2024
Oppo,Pad Neo 128GB,520g,6GB,8MP,13MP,Snapdragon 870,8360mAh,11 inches,"PKR 79,999","INR 44,999","CNY 3,499",USD 499,"AED 1,899",2023
Oppo,Pad Neo 256GB,520g,8GB,8MP,13MP,Snapdragon 870,8360mAh,11 inches,"PKR 89,999","INR 49,999","CNY 3,999",USD 599,"AED 2,199",2023
Oppo,Find X7 Ultra 256GB,221g,12GB,32MP,50MP + 50MP + 50MP,Snapdragon 8 Gen 3,5000mAh,6.82 inches,"PKR 199,999","INR 109,999","CNY 7,999","USD 1,199","AED 4,399",2024
Oppo,Find X7 Ultra 512GB,221g,16GB,32MP,50MP + 50MP + 50MP,Snapdragon 8 Gen 3,5000mAh,6.82 inches,"PKR 219,999","INR 119,999","CNY 8,999","USD 1,299","AED 4,799",2024
Oppo,Find X7 256GB,206g,12GB,32MP,50MP + 50MP + 64MP,Dimensity 9300,5000mAh,6.78 inches,"PKR 179,999","INR 99,999","CNY 6,999","USD 1,099","AED 3,999",2024
Oppo,Find X7 512GB,206g,16GB,32MP,50MP + 50MP + 64MP,Dimensity 9300,5000mAh,6.78 inches,"PKR 199,999","INR 109,999","CNY 7,999","USD 1,199","AED 4,399",2024
Oppo,Find X6 Pro 256GB,218g,12GB,32MP,50MP + 50MP + 50MP,Snapdragon 8 Gen 2,5000mAh,6.82 inches,"PKR 169,999","INR 94,999","CNY 6,499",USD 999,"AED 3,699",2023
Oppo,Find X6 Pro 512GB,218g,16GB,32MP,50MP + 50MP + 50MP,Snapdragon 8 Gen 2,5000mAh,6.82 inches,"PKR 189,999","INR 104,999","CNY 7,499","USD 1,099","AED 4,099",2023
Oppo,Find X6 256GB,207g,12GB,32MP,50MP + 50MP + 50MP,Dimensity 9200,4800mAh,6.74 inches,"PKR 149,999","INR 84,999","CNY 5,999",USD 899,"AED 3,299",2023
Oppo,Find X6 512GB,207g,16GB,32MP,50MP + 50MP + 50MP,Dimensity 9200,4800mAh,6.74 inches,"PKR 169,999","INR 94,999","CNY 6,999",USD 999,"AED 3,699",2023
Oppo,Find X5 Pro 256GB,218g,12GB,32MP,50MP + 50MP + 13MP,Snapdragon 8 Gen 1,5000mAh,6.7 inches,"PKR 159,999","INR 89,999","CNY 5,999",USD 899,"AED 3,299",2022
Oppo,Find X5 Pro 512GB,218g,16GB,32MP,50MP + 50MP + 13MP,Snapdragon 8 Gen 1,5000mAh,6.7 inches,"PKR 179,999","INR 99,999","CNY 6,999",USD 999,"AED 3,699",2022
Oppo,Find X5 256GB,196g,8GB,32MP,50MP + 50MP + 13MP,Snapdragon 888,4800mAh,6.55 inches,"PKR 139,999","INR 79,999","CNY 4,999",USD 799,"AED 2,999",2022
Oppo,Find N2 Flip 256GB,191g,8GB,32MP,50MP + 8MP,Dimensity 9000+,4300mAh,6.8 inches,"PKR 149,999","INR 84,999","CNY 5,999",USD 899,"AED 3,299",2023
Oppo,Find N2 Flip 512GB,191g,12GB,32MP,50MP + 8MP,Dimensity 9000+,4300mAh,6.8 inches,"PKR 169,999","INR 94,999","CNY 6,999",USD 999,"AED 3,699",2023
Oppo,Find N2 256GB,233g,12GB,32MP,50MP + 48MP + 32MP,Snapdragon 8+ Gen 1,4520mAh,7.1 inches,"PKR 179,999","INR 99,999","CNY 6,999","USD 1,099","AED 3,999",2022
Oppo,Reno10 5G 128GB,180g,8GB,32MP,64MP + 32MP + 8MP,Dimensity 7050,"5,000mAh",6.7 inches,"PKR 129,999","INR 38,999","CNY 2,699",USD 499,"AED 1,899",2023
Oppo,Reno10 5G 256GB,180g,8GB,32MP,64MP + 32MP + 8MP,Dimensity 7050,"5,000mAh",6.7 inches,"PKR 149,999","INR 42,999","CNY 2,999",USD 549,"AED 2,099",2023
Oppo,Reno10 Pro 5G 256GB,186g,12GB,32MP,50MP + 32MP + 8MP,Snapdragon 778G,"4,600mAh",6.7 inches,"PKR 169,999","INR 44,999","CNY 3,499",USD 599,"AED 2,299",2023
Oppo,Reno10 Pro+ 5G 256GB,194g,16GB,32MP,50MP + 64MP + 8MP,Snapdragon 8+ Gen 1,"4,700mAh",6.74 inches,"PKR 199,999","INR 54,999","CNY 3,999",USD 699,"AED 2,599",2023
Oppo,Reno9 5G 128GB,174g,8GB,32MP,64MP + 2MP,Snapdragon 778G,"4,500mAh",6.7 inches,"PKR 109,999","INR 32,999","CNY 2,399",USD 449,"AED 1,699",2022
Oppo,Reno9 5G 256GB,174g,12GB,32MP,64MP + 2MP,Snapdragon 778G,"4,500mAh",6.7 inches,"PKR 129,999","INR 36,999","CNY 2,699",USD 499,"AED 1,899",2022
Oppo,Reno9 Pro 5G 256GB,184g,16GB,32MP,50MP + 8MP,Dimensity 8100,"4,500mAh",6.7 inches,"PKR 159,999","INR 42,999","CNY 3,299",USD 599,"AED 2,199",2022
Oppo,Reno9 Pro+ 5G 256GB,192g,16GB,32MP,50MP + 8MP + 2MP,Snapdragon 8+ Gen 1,"4,700mAh",6.7 inches,"PKR 189,999","INR 52,999","CNY 3,799",USD 649,"AED 2,499",2022
Oppo,Reno8 5G 128GB,179g,8GB,32MP,50MP + 8MP + 2MP,Dimensity 1300,"4,500mAh",6.4 inches,"PKR 89,999","INR 29,999","CNY 2,199",USD 399,"AED 1,499",2022
Oppo,Reno8 5G 256GB,179g,12GB,32MP,50MP + 8MP + 2MP,Dimensity 1300,"4,500mAh",6.4 inches,"PKR 99,999","INR 34,999","CNY 2,499",USD 449,"AED 1,699",2022
Oppo,Reno8 Pro 5G 256GB,183g,12GB,32MP,50MP + 8MP + 2MP,Dimensity 8100,"4,500mAh",6.7 inches,"PKR 129,999","INR 42,999","CNY 3,099",USD 549,"AED 1,999",2022
Oppo,Reno8 Pro+ 5G 256GB,195g,12GB,32MP,50MP + 8MP + 2MP,Dimensity 8100,"4,500mAh",6.7 inches,"PKR 139,999","INR 46,999","CNY 3,399",USD 599,"AED 2,199",2022
Oppo,Reno7 5G 128GB,173g,8GB,32MP,64MP + 8MP + 2MP,Dimensity 900,"4,500mAh",6.4 inches,"PKR 79,999","INR 28,999","CNY 1,999",USD 349,"AED 1,299",2021
Oppo,Reno7 5G 256GB,173g,12GB,32MP,64MP + 8MP + 2MP,Dimensity 900,"4,500mAh",6.4 inches,"PKR 89,999","INR 32,999","CNY 2,199",USD 399,"AED 1,499",2021
Oppo,Reno7 Pro 5G 256GB,180g,12GB,32MP,50MP + 8MP + 2MP,Dimensity 1200,"4,500mAh",6.55 inches,"PKR 109,999","INR 39,999","CNY 2,799",USD 499,"AED 1,799",2021
Oppo,Reno6 5G 128GB,182g,8GB,32MP,64MP + 8MP + 2MP,Dimensity 900,"4,300mAh",6.43 inches,"PKR 79,999","INR 29,999","CNY 2,399",USD 349,"AED 1,299",2021
Oppo,Reno6 5G 256GB,182g,12GB,32MP,64MP + 8MP + 2MP,Dimensity 900,"4,300mAh",6.43 inches,"PKR 89,999","INR 32,999","CNY 2,699",USD 399,"AED 1,499",2021
Oppo,Reno6 Pro 5G 128GB,177g,8GB,32MP,64MP + 8MP + 2MP + 2MP,Dimensity 1200,"4,500mAh",6.55 inches,"PKR 99,999","INR 39,999","CNY 2,999",USD 449,"AED 1,699",2021
Oppo,Reno6 Pro 5G 256GB,177g,12GB,32MP,64MP + 8MP + 2MP + 2MP,Dimensity 1200,"4,500mAh",6.55 inches,"PKR 109,999","INR 44,999","CNY 3,299",USD 499,"AED 1,899",2021
Oppo,Reno6 Pro+ 5G 256GB,188g,12GB,32MP,50MP + 13MP + 16MP + 2MP,Snapdragon 870,"4,500mAh",6.55 inches,"PKR 129,999","INR 49,999","CNY 3,999",USD 599,"AED 2,199",2021
Oppo,Reno5 5G 128GB,180g,8GB,32MP,64MP + 8MP + 2MP + 2MP,Snapdragon 765G,"4,300mAh",6.43 inches,"PKR 69,999","INR 26,999","CNY 2,099",USD 299,"AED 1,099",2020
Oppo,Reno5 5G 256GB,180g,12GB,32MP,64MP + 8MP + 2MP + 2MP,Snapdragon 765G,"4,300mAh",6.43 inches,"PKR 79,999","INR 29,999","CNY 2,399",USD 349,"AED 1,299",2020
Oppo,Reno5 Pro 5G 128GB,173g,8GB,32MP,64MP + 8MP + 2MP + 2MP,Dimensity 1000+,"4,350mAh",6.55 inches,"PKR 89,999","INR 32,999","CNY 2,799",USD 399,"AED 1,499",2020
Oppo,Reno5 Pro 5G 256GB,173g,12GB,32MP,64MP + 8MP + 2MP + 2MP,Dimensity 1000+,"4,350mAh",6.55 inches,"PKR 99,999","INR 36,999","CNY 3,099",USD 449,"AED 1,699",2020
Oppo,Reno5 Pro+ 5G 256GB,184g,12GB,32MP,50MP + 16MP + 13MP + 2MP,Snapdragon 865,"4,500mAh",6.55 inches,"PKR 119,999","INR 44,999","CNY 3,799",USD 599,"AED 2,099",2020
Oppo,Reno4 5G 128GB,183g,8GB,32MP,48MP + 8MP + 2MP + 2MP,Snapdragon 765G,"4,000mAh",6.43 inches,"PKR 59,999","INR 24,999","CNY 1,899",USD 299,AED 999,2020
Oppo,Reno4 5G 256GB,183g,8GB,32MP,48MP + 8MP + 2MP + 2MP,Snapdragon 765G,"4,000mAh",6.43 inches,"PKR 69,999","INR 26,999","CNY 2,199",USD 349,"AED 1,199",2020
Oppo,Reno4 Pro 5G 256GB,172g,12GB,32MP,48MP + 13MP + 12MP,Snapdragon 765G,"4,000mAh",6.55 inches,"PKR 99,999","INR 39,999","CNY 3,299",USD 499,"AED 1,799",2020
Oppo,Reno3 5G 128GB,181g,8GB,32MP,64MP + 8MP + 2MP + 2MP,Dimensity 1000L,"4,025mAh",6.4 inches,"PKR 49,999","INR 22,999","CNY 1,799",USD 249,AED 899,2019
Oppo,Reno3 5G 256GB,181g,12GB,32MP,64MP + 8MP + 2MP + 2MP,Dimensity 1000L,"4,025mAh",6.4 inches,"PKR 59,999","INR 26,999","CNY 2,099",USD 299,"AED 1,099",2019
Oppo,Reno3 Pro 5G 256GB,171g,12GB,32MP,48MP + 13MP + 8MP + 2MP,Snapdragon 765G,"4,025mAh",6.5 inches,"PKR 79,999","INR 34,999","CNY 3,299",USD 499,"AED 1,799",2019
Oppo,A59 5G 128GB,186g,6GB,8MP,13MP + 2MP,MediaTek Dimensity 6020,"5,000mAh",6.56 inches,"PKR 39,999","INR 14,999","CNY 1,699",USD 199,"AED 1,000",2023
Oppo,A59 5G 256GB,186g,8GB,8MP,13MP + 2MP,MediaTek Dimensity 6020,"5,000mAh",6.56 inches,"PKR 44,999","INR 16,999","CNY 1,899",USD 229,"AED 1,200",2023
Oppo,A58 5G 256GB,188g,8GB,8MP,50MP + 2MP,MediaTek Dimensity 700,"5,000mAh",6.56 inches,"PKR 49,999","INR 19,000","CNY 1,699",USD 249,"AED 1,300",2022
Oppo,A57 5G 128GB,186g,6GB,8MP,13MP + 2MP,MediaTek Dimensity 810,"5,000mAh",6.56 inches,"PKR 34,999","INR 15,999","CNY 1,599",USD 219,"AED 1,100",2022
Oppo,A56 5G 128GB,189g,6GB,8MP,13MP + 2MP,MediaTek Dimensity 700,"5,000mAh",6.5 inches,"PKR 32,999","INR 14,999","CNY 1,499",USD 199,"AED 1,000",2021
Oppo,A55 5G 128GB,186g,6GB,8MP,13MP + 2MP + 2MP,MediaTek Dimensity 700,"5,000mAh",6.5 inches,"PKR 29,999","INR 13,999","CNY 1,399",USD 189,AED 950,2021
Oppo,A54 5G 128GB,190g,6GB,16MP,48MP + 8MP + 2MP + 2MP,Qualcomm Snapdragon 480,"5,000mAh",6.5 inches,"PKR 34,999","INR 15,999","CNY 1,599",USD 219,"AED 1,100",2021
Oppo,A53 5G 128GB,175g,4GB,8MP,16MP + 2MP + 2MP,MediaTek Dimensity 720,"4,040mAh",6.5 inches,"PKR 27,999","INR 12,999","CNY 1,299",USD 179,AED 900,2020
Oppo,A52 5G 128GB,184g,4GB,8MP,12MP + 8MP + 2MP + 2MP,MediaTek Dimensity 720,"4,000mAh",6.5 inches,"PKR 25,999","INR 11,999","CNY 1,199",USD 169,AED 850,2020
Oppo,A51 5G 128GB,186g,4GB,8MP,13MP + 2MP + 2MP,MediaTek Dimensity 700,"4,000mAh",6.5 inches,"PKR 23,999","INR 10,999","CNY 1,099",USD 149,AED 800,2020
Oppo,A50 5G 128GB,185g,4GB,8MP,13MP + 2MP,MediaTek Dimensity 700,"4,000mAh",6.5 inches,"PKR 21,999","INR 9,999",CNY 999,USD 139,AED 750,2020
Oppo,A49 5G 128GB,185g,4GB,8MP,13MP + 2MP,MediaTek Dimensity 700,"4,000mAh",6.5 inches,"PKR 19,999","INR 8,999",CNY 899,USD 129,AED 700,2020
Oppo,A40 128GB,186g,4GB,5MP,50MP,Qualcomm Snapdragon 6s Gen 1,"5,100mAh",6.67 inches,"PKR 39,999","INR 19,999","CNY 1,499",USD 199,"AED 1,000",2024
Oppo,A40 256GB,186g,6GB,5MP,50MP,Qualcomm Snapdragon 6s Gen 1,"5,100mAh",6.67 inches,"PKR 44,999","INR 22,999","CNY 1,799",USD 229,"AED 1,200",2024
Oppo,K11x 128GB,195g,8GB,16MP,108MP + 2MP,Qualcomm Snapdragon 695,"5,000mAh",6.72 inches,"PKR 59,999","INR 18,000","CNY 1,499",USD 199,"AED 1,000",2023
Oppo,K11x 256GB,195g,12GB,16MP,108MP + 2MP,Qualcomm Snapdragon 695,"5,000mAh",6.72 inches,"PKR 64,999","INR 20,000","CNY 1,699",USD 229,"AED 1,200",2023
Oppo,K10x 128GB,195g,6GB,16MP,64MP + 2MP + 2MP,Qualcomm Snapdragon 695,"5,000mAh",6.59 inches,"PKR 54,999","INR 16,990","CNY 1,499",USD 199,"AED 1,000",2022
Oppo,K10x 256GB,195g,8GB,16MP,64MP + 2MP + 2MP,Qualcomm Snapdragon 695,"5,000mAh",6.59 inches,"PKR 59,999","INR 18,990","CNY 1,699",USD 229,"AED 1,200",2022
Oppo,K10 5G 128GB,205g,8GB,16MP,64MP + 8MP + 2MP,MediaTek Dimensity 8000-Max,"5,000mAh",6.59 inches,"PKR 64,999","INR 19,999","CNY 1,799",USD 249,"AED 1,300",2022
Oppo,K9x 128GB,194g,6GB,16MP,64MP + 2MP + 2MP,MediaTek Dimensity 810,"5,000mAh",6.5 inches,"PKR 49,999","INR 15,999","CNY 1,499",USD 199,"AED 1,000",2021
Oppo,K9x 256GB,194g,8GB,16MP,64MP + 2MP + 2MP,MediaTek Dimensity 810,"5,000mAh",6.5 inches,"PKR 54,999","INR 17,999","CNY 1,699",USD 229,"AED 1,200",2021
Oppo,K9 Pro 5G 128GB,180g,8GB,16MP,64MP + 8MP + 2MP,MediaTek Dimensity 1200,"4,500mAh",6.43 inches,"PKR 69,999","INR 24,999","CNY 2,199",USD 299,"AED 1,500",2021
Oppo,K9 Pro 5G 256GB,180g,12GB,16MP,64MP + 8MP + 2MP,MediaTek Dimensity 1200,"4,500mAh",6.43 inches,"PKR 74,999","INR 27,999","CNY 2,499",USD 329,"AED 1,700",2021
Oppo,K9 5G 128GB,172g,8GB,32MP,64MP + 8MP + 2MP,Qualcomm Snapdragon 768G,"4,300mAh",6.43 inches,"PKR 59,999","INR 22,999","CNY 1,999",USD 279,"AED 1,400",2021
Oppo,K9 5G 256GB,172g,8GB,32MP,64MP + 8MP + 2MP,Qualcomm Snapdragon 768G,"4,300mAh",6.43 inches,"PKR 64,999","INR 24,999","CNY 2,199",USD 299,"AED 1,500",2021
Oppo,K7x 128GB,194g,6GB,16MP,48MP + 8MP + 2MP + 2MP,MediaTek Dimensity 720,"5,000mAh",6.5 inches,"PKR 44,999","INR 14,999","CNY 1,499",USD 199,"AED 1,000",2020
Oppo,K7 5G 128GB,180g,8GB,32MP,48MP + 8MP + 2MP + 2MP,Qualcomm Snapdragon 765G,"4,025mAh",6.4 inches,"PKR 49,999","INR 19,999","CNY 1,999",USD 279,"AED 1,400",2020
Oppo,K7 5G 256GB,180g,8GB,32MP,48MP + 8MP + 2MP + 2MP,Qualcomm Snapdragon 765G,"4,025mAh",6.4 inches,"PKR 54,999","INR 21,999","CNY 2,199",USD 299,"AED 1,500",2020
Oppo,K11x 128GB,195g,8GB,16MP,108MP + 2MP,Qualcomm Snapdragon 695,"5,000mAh",6.72 inches,"PKR 59,999","INR 18,000","CNY 1,499",USD 199,"AED 1,000",2023
Oppo,K11x 256GB,195g,12GB,16MP,108MP + 2MP,Qualcomm Snapdragon 695,"5,000mAh",6.72 inches,"PKR 64,999","INR 20,000","CNY 1,699",USD 229,"AED 1,200",2023
Oppo,K11 128GB,184g,8GB,16MP,64MP + 8MP + 2MP,Qualcomm Snapdragon 782G,"5,000mAh",6.7 inches,"PKR 69,999","INR 21,999","CNY 1,899",USD 259,"AED 1,300",2023
Oppo,K11 256GB,184g,12GB,16MP,64MP + 8MP + 2MP,Qualcomm Snapdragon 782G,"5,000mAh",6.7 inches,"PKR 74,999","INR 24,999","CNY 2,199",USD 299,"AED 1,500",2023
Oppo,K10x 128GB,195g,6GB,16MP,64MP + 2MP + 2MP,Qualcomm Snapdragon 695,"5,000mAh",6.59 inches,"PKR 54,999","INR 16,990","CNY 1,499",USD 199,"AED 1,000",2022
Oppo,K10x 256GB,195g,8GB,16MP,64MP + 2MP + 2MP,Qualcomm Snapdragon 695,"5,000mAh",6.59 inches,"PKR 59,999","INR 18,990","CNY 1,699",USD 229,"AED 1,200",2022
Oppo,K10 5G 128GB,205g,8GB,16MP,64MP + 8MP + 2MP,MediaTek Dimensity 8000-Max,"5,000mAh",6.59 inches,"PKR 64,999","INR 19,999","CNY 1,799",USD 249,"AED 1,300",2022
Oppo,K10 5G 256GB,205g,12GB,16MP,64MP + 8MP + 2MP,MediaTek Dimensity 8000-Max,"5,000mAh",6.59 inches,"PKR 69,999","INR 22,999","CNY 2,099",USD 279,"AED 1,500",2022
Oppo,K9x 128GB,194g,6GB,16MP,64MP + 2MP + 2MP,MediaTek Dimensity 810,"5,000mAh",6.5 inches,"PKR 49,999","INR 15,999","CNY 1,499",USD 199,"AED 1,000",2021
Oppo,K9x 256GB,194g,8GB,16MP,64MP + 2MP + 2MP,MediaTek Dimensity 810,"5,000mAh",6.5 inches,"PKR 54,999","INR 17,999","CNY 1,699",USD 229,"AED 1,200",2021
Oppo,K9 Pro 5G 128GB,180g,8GB,16MP,64MP + 8MP + 2MP,MediaTek Dimensity 1200,"4,500mAh",6.43 inches,"PKR 69,999","INR 24,999","CNY 2,199",USD 299,"AED 1,500",2021
Oppo,K9 Pro 5G 256GB,180g,12GB,16MP,64MP + 8MP + 2MP,MediaTek Dimensity 1200,"4,500mAh",6.43 inches,"PKR 74,999","INR 27,999","CNY 2,499",USD 329,"AED 1,700",2021
Oppo,K9 5G 128GB,172g,8GB,32MP,64MP + 8MP + 2MP,Qualcomm Snapdragon 768G,"4,300mAh",6.43 inches,"PKR 59,999","INR 22,999","CNY 1,999",USD 279,"AED 1,400",2021
Oppo,K9 5G 256GB,172g,8GB,32MP,64MP + 8MP + 2MP,Qualcomm Snapdragon 768G,"4,300mAh",6.43 inches,"PKR 64,999","INR 24,999","CNY 2,199",USD 299,"AED 1,500",2021
Oppo,K7x 128GB,194g,6GB,16MP,48MP + 8MP + 2MP + 2MP,MediaTek Dimensity 720,"5,000mAh",6.5 inches,"PKR 44,999","INR 14,999","CNY 1,499",USD 199,"AED 1,000",2020
Oppo,K7 5G 128GB,180g,8GB,32MP,48MP + 8MP + 2MP + 2MP,Qualcomm Snapdragon 765G,"4,025mAh",6.4 inches,"PKR 49,999","INR 19,999","CNY 1,999",USD 279,"AED 1,400",2020
Realme,GT 7 Pro 128GB,222.8g,12GB,16MP,50MP + 50MP + 8MP,Qualcomm Snapdragon 8 Elite,"6,500mAh",6.78 inches,"PKR 139,999","INR 59,999","CNY 3,400",USD 470,"AED 1,725",2024
Realme,GT 7 Pro 256GB,222.8g,16GB,16MP,50MP + 50MP + 8MP,Qualcomm Snapdragon 8 Elite,"6,500mAh",6.78 inches,"PKR 149,999","INR 65,999","CNY 3,600",USD 500,"AED 1,840",2024
Realme,GT 6 128GB,191g,8GB,32MP,50MP + 8MP + 50MP,Qualcomm Snapdragon 8s Gen 3,"5,500mAh",6.78 inches,"PKR 89,999","INR 37,999","CNY 2,800",USD 380,"AED 1,400",2023
Realme,GT 6 256GB,191g,12GB,32MP,50MP + 8MP + 50MP,Qualcomm Snapdragon 8s Gen 3,"5,500mAh",6.78 inches,"PKR 94,999","INR 39,999","CNY 2,900",USD 400,"AED 1,460",2023
Realme,GT 6 512GB,191g,16GB,32MP,50MP + 8MP + 50MP,Qualcomm Snapdragon 8s Gen 3,"5,500mAh",6.78 inches,"PKR 99,999","INR 41,999","CNY 3,000",USD 420,"AED 1,520",2023
Realme,GT 6T 128GB,191g,8GB,32MP,50MP + 8MP,Qualcomm Snapdragon 7 Plus Gen 3,"5,500mAh",6.78 inches,"PKR 84,999","INR 28,756","CNY 2,700",USD 360,"AED 1,330",2023
Realme,GT 6T 256GB,191g,8GB,32MP,50MP + 8MP,Qualcomm Snapdragon 7 Plus Gen 3,"5,500mAh",6.78 inches,"PKR 89,999","INR 30,999","CNY 2,800",USD 380,"AED 1,400",2023
Realme,14 Pro+ 5G 256GB,184g,12GB,16MP,50MP + 8MP + 50MP,Qualcomm Snapdragon 7s Gen 3,"6,000mAh",6.83 inches,"PKR 94,999","INR 34,999","CNY 2,600",USD 340,"AED 1,250",2025
Realme,14 Pro+ 5G 512GB,184g,12GB,16MP,50MP + 8MP + 50MP,Qualcomm Snapdragon 7s Gen 3,"6,000mAh",6.83 inches,"PKR 99,999","INR 36,999","CNY 2,800",USD 360,"AED 1,320",2025
Realme,14 Pro 5G 128GB,184g,8GB,16MP,50MP + 8MP,MediaTek Dimensity 7300 Energy,"5,800mAh",6.7 inches,"PKR 79,999","INR 29,999","CNY 2,400",USD 320,"AED 1,150",2025
Realme,14 Pro 5G 256GB,184g,8GB,16MP,50MP + 8MP,MediaTek Dimensity 7300 Energy,"5,800mAh",6.7 inches,"PKR 84,999","INR 31,999","CNY 2,500",USD 340,"AED 1,210",2025
Realme,14x 5G 128GB,190g,6GB,16MP,48MP + 2MP + 2MP,Qualcomm Snapdragon 7s Gen 2,"5,500mAh",6.6 inches,"PKR 64,999","INR 24,999","CNY 2,000",USD 270,AED 970,2025
Realme,14x 5G 256GB,190g,8GB,16MP,48MP + 2MP + 2MP,Qualcomm Snapdragon 7s Gen 2,"5,500mAh",6.6 inches,"PKR 69,999","INR 26,999","CNY 2,100",USD 290,"AED 1,030",2025
Realme,13+ 5G 128GB,185g,8GB,16MP,50MP + 2MP,MediaTek Dimensity 7200,"5,000mAh",6.5 inches,"PKR 59,999","INR 22,999","CNY 1,800",USD 250,AED 900,2024
Realme,13+ 5G 256GB,185g,8GB,16MP,50MP + 2MP,MediaTek Dimensity 7200,"5,000mAh",6.5 inches,"PKR 64,999","INR 24,999","CNY 1,900",USD 270,AED 970,2024
Realme,13 5G 128GB,190g,6GB,16MP,50MP + 2MP,MediaTek Dimensity 6100+,"5,000mAh",6.6 inches,"PKR 49,999","INR 18,999","CNY 1,500",USD 220,AED 800,2024
Realme,13 5G 256GB,190g,8GB,16MP,50MP + 2MP,MediaTek Dimensity 6100+,"5,000mAh",6.6 inches,"PKR 54,999","INR 20,999","CNY 1,600",USD 240,AED 860,2024
Realme,13 Pro 5G 128GB,192g,8GB,16MP,50MP + 8MP + 2MP,Qualcomm Snapdragon 7s Gen 2,"5,200mAh",6.7 inches,"PKR 74,999","INR 27,999","CNY 2,200",USD 300,"AED 1,070",2024
Realme,13 Pro 5G 256GB,192g,12GB,16MP,50MP + 8MP + 2MP,Qualcomm Snapdragon 7s Gen 2,"5,200mAh",6.7 inches,"PKR 79,999","INR 29,999","CNY 2,400",USD 320,"AED 1,140",2024
Realme,13 Pro+ 5G 256GB,195g,12GB,32MP,50MP + 8MP + 50MP,Qualcomm Snapdragon 7+ Gen 2,"5,500mAh",6.78 inches,"PKR 94,999","INR 34,999","CNY 2,800",USD 360,"AED 1,320",2024
Realme,13 Pro+ 5G 512GB,195g,16GB,32MP,50MP + 8MP + 50MP,Qualcomm Snapdragon 7+ Gen 2,"5,500mAh",6.78 inches,"PKR 99,999","INR 36,999","CNY 3,000",USD 380,"AED 1,390",2024
Realme,P1 Speed 5G 128GB,185g,8GB,16MP,64MP + 2MP,MediaTek Dimensity 8100,"5,100mAh",6.7 inches,"PKR 54,999","INR 19,999","CNY 1,800",USD 250,AED 900,2024
Realme,P1 Speed 5G 256GB,185g,12GB,16MP,64MP + 2MP,MediaTek Dimensity 8100,"5,100mAh",6.7 inches,"PKR 59,999","INR 21,999","CNY 1,900",USD 270,AED 960,2024
Realme,P2 Pro 5G 256GB,188g,12GB,32MP,50MP + 8MP + 50MP,Qualcomm Snapdragon 7+ Gen 3,"5,500mAh",6.78 inches,"PKR 89,999","INR 32,999","CNY 2,500",USD 340,"AED 1,210",2024
Realme,P2 Pro 5G 512GB,188g,16GB,32MP,50MP + 8MP + 50MP,Qualcomm Snapdragon 7+ Gen 3,"5,500mAh",6.78 inches,"PKR 94,999","INR 34,999","CNY 2,700",USD 360,"AED 1,280",2024
Realme,P1 5G 128GB,184g,6GB,16MP,50MP + 2MP,MediaTek Dimensity 6100+,"5,000mAh",6.6 inches,"PKR 44,999","INR 16,999","CNY 1,400",USD 200,AED 720,2024
Realme,P1 5G 256GB,184g,8GB,16MP,50MP + 2MP,MediaTek Dimensity 6100+,"5,000mAh",6.6 inches,"PKR 49,999","INR 18,999","CNY 1,500",USD 220,AED 780,2024
Realme,P1 Pro 5G 128GB,190g,8GB,16MP,64MP + 2MP,Qualcomm Snapdragon 7s Gen 1,"5,200mAh",6.7 inches,"PKR 59,999","INR 22,999","CNY 1,900",USD 270,AED 960,2024
Realme,P1 Pro 5G 256GB,190g,12GB,16MP,64MP + 2MP,Qualcomm Snapdragon 7s Gen 1,"5,200mAh",6.7 inches,"PKR 64,999","INR 24,999","CNY 2,000",USD 290,"AED 1,020",2024
Realme,Narzo 70 Turbo 5G 128GB,200g,8GB,16MP,50MP + 2MP,MediaTek Dimensity 810,"5,000mAh",6.6 inches,"PKR 54,999","INR 19,999","CNY 1,700",USD 240,AED 860,2024
Realme,Narzo 70 Turbo 5G 256GB,200g,8GB,16MP,50MP + 2MP,MediaTek Dimensity 810,"5,000mAh",6.6 inches,"PKR 59,999","INR 21,999","CNY 1,800",USD 260,AED 920,2024
Realme,Narzo N61 128GB,195g,6GB,16MP,50MP + 2MP,MediaTek Helio G99,"5,000mAh",6.5 inches,"PKR 39,999","INR 14,999","CNY 1,200",USD 180,AED 660,2024
Realme,Narzo N63 128GB,193g,6GB,16MP,50MP + 2MP,MediaTek Helio G88,"5,000mAh",6.5 inches,"PKR 37,999","INR 13,999","CNY 1,100",USD 160,AED 600,2024
Realme,Narzo N65 5G 128GB,198g,8GB,16MP,50MP + 2MP,MediaTek Dimensity 700,"5,000mAh",6.6 inches,"PKR 47,999","INR 17,999","CNY 1,500",USD 210,AED 780,2024
Realme,Narzo 70 5G 128GB,198g,8GB,16MP,50MP + 2MP,MediaTek Dimensity 810,"5,200mAh",6.6 inches,"PKR 52,999","INR 19,499","CNY 1,600",USD 230,AED 830,2024
Realme,C75 128GB,190g,6GB,8MP,50MP + 2MP,MediaTek Helio G85,"5,000mAh",6.6 inches,"PKR 37,999","INR 13,999","CNY 1,100",USD 160,AED 600,2024
Realme,C75 256GB,190g,8GB,8MP,50MP + 2MP,MediaTek Helio G85,"5,000mAh",6.6 inches,"PKR 42,999","INR 15,999","CNY 1,200",USD 180,AED 660,2024
Realme,C61 128GB,189g,4GB,8MP,50MP + 2MP,Unisoc T612,"5,000mAh",6.5 inches,"PKR 32,999","INR 11,999",CNY 900,USD 130,AED 500,2024
Realme,C67 128GB,195g,6GB,8MP,50MP + 2MP,MediaTek Helio G88,"5,000mAh",6.6 inches,"PKR 39,999","INR 14,999","CNY 1,200",USD 170,AED 620,2024
Realme,C67 256GB,195g,8GB,8MP,50MP + 2MP,MediaTek Helio G88,"5,000mAh",6.6 inches,"PKR 44,999","INR 16,999","CNY 1,300",USD 190,AED 680,2024
Realme,C65 128GB,192g,6GB,8MP,50MP + 2MP,Qualcomm Snapdragon 680,"5,000mAh",6.6 inches,"PKR 37,999","INR 13,999","CNY 1,100",USD 160,AED 600,2024
Realme,C65 256GB,192g,8GB,8MP,50MP + 2MP,Qualcomm Snapdragon 680,"5,000mAh",6.6 inches,"PKR 42,999","INR 15,999","CNY 1,200",USD 180,AED 660,2024
Realme,C63 128GB,191g,6GB,8MP,50MP + 2MP,MediaTek Helio G85,"5,000mAh",6.6 inches,"PKR 36,999","INR 13,499","CNY 1,050",USD 150,AED 580,2024
Realme,C55 128GB,189g,6GB,8MP,64MP + 2MP,MediaTek Helio G88,"5,000mAh",6.72 inches,"PKR 39,999","INR 14,999","CNY 1,200",USD 170,AED 620,2023
Realme,C55 256GB,189g,8GB,8MP,64MP + 2MP,MediaTek Helio G88,"5,000mAh",6.72 inches,"PKR 44,999","INR 16,999","CNY 1,300",USD 190,AED 680,2023
Realme,Note 60x 128GB,198g,6GB,16MP,50MP + 2MP,MediaTek Dimensity 6100+,"5,200mAh",6.6 inches,"PKR 47,999","INR 17,999","CNY 1,500",USD 210,AED 780,2024
Realme,Note 60 128GB,196g,6GB,16MP,50MP + 2MP,MediaTek Dimensity 810,"5,200mAh",6.6 inches,"PKR 49,999","INR 18,999","CNY 1,600",USD 220,AED 820,2024
Realme,Note 60 256GB,196g,8GB,16MP,50MP + 2MP,MediaTek Dimensity 810,"5,200mAh",6.6 inches,"PKR 54,999","INR 20,999","CNY 1,700",USD 240,AED 880,2024
Realme,Note 50 128GB,195g,6GB,16MP,50MP + 2MP,MediaTek Helio G99,"5,000mAh",6.5 inches,"PKR 42,999","INR 15,999","CNY 1,200",USD 170,AED 620,2024
Realme,GT 7 128GB,199g,8GB,16MP,50MP + 8MP + 2MP,Qualcomm Snapdragon 8 Gen 2,"5,200mAh",6.8 inches,"PKR 124,999","INR 47,999","CNY 3,200",USD 440,"AED 1,620",2024
Realme,GT 7 256GB,199g,12GB,16MP,50MP + 8MP + 2MP,Qualcomm Snapdragon 8 Gen 2,"5,200mAh",6.8 inches,"PKR 139,999","INR 53,999","CNY 3,600",USD 500,"AED 1,800",2024
Realme,Neo 7 128GB,193g,8GB,16MP,64MP + 8MP + 2MP,MediaTek Dimensity 8200,"5,000mAh",6.7 inches,"PKR 79,999","INR 30,999","CNY 2,400",USD 330,"AED 1,200",2024
Realme,Neo 7 256GB,193g,12GB,16MP,64MP + 8MP + 2MP,MediaTek Dimensity 8200,"5,000mAh",6.7 inches,"PKR 94,999","INR 36,999","CNY 2,800",USD 380,"AED 1,400",2024
Realme,P2 Pro 5G 128GB,195g,8GB,16MP,50MP + 8MP,MediaTek Dimensity 9200,"5,100mAh",6.7 inches,"PKR 84,999","INR 32,999","CNY 2,500",USD 350,"AED 1,250",2024
Realme,P2 Pro 5G 256GB,195g,12GB,16MP,50MP + 8MP,MediaTek Dimensity 9200,"5,100mAh",6.7 inches,"PKR 99,999","INR 38,999","CNY 2,900",USD 400,"AED 1,400",2024
Realme,Pad 64GB,440g,4GB,8MP,8MP,MediaTek Helio G80,"7,100mAh",10.4 inches,"PKR 57,999","INR 19,999","CNY 1,400",USD 200,AED 740,2021
Realme,Pad 128GB,440g,6GB,8MP,8MP,MediaTek Helio G80,"7,100mAh",10.4 inches,"PKR 64,999","INR 22,999","CNY 1,600",USD 230,AED 850,2021
Realme,Pad 2 128GB,482g,6GB,8MP,8MP,MediaTek Helio G99,"8,360mAh",11.5 inches,"PKR 74,999","INR 27,999","CNY 2,000",USD 280,"AED 1,050",2023
Realme,Pad 2 256GB,482g,8GB,8MP,8MP,MediaTek Helio G99,"8,360mAh",11.5 inches,"PKR 84,999","INR 31,999","CNY 2,300",USD 320,"AED 1,200",2023
Realme,Pad 2 Lite 64GB,466g,4GB,8MP,8MP,MediaTek Helio G85,"7,100mAh",10.4 inches,"PKR 54,999","INR 18,999","CNY 1,300",USD 190,AED 700,2023
Realme,Pad 2 Lite 128GB,466g,6GB,8MP,8MP,MediaTek Helio G85,"7,100mAh",10.4 inches,"PKR 61,999","INR 20,999","CNY 1,500",USD 210,AED 770,2023
Realme,Pad X 64GB,499g,4GB,8MP,13MP,Qualcomm Snapdragon 695,"8,340mAh",11 inches,"PKR 79,999","INR 29,999","CNY 2,200",USD 310,"AED 1,150",2022
Realme,Pad X 128GB,499g,6GB,8MP,13MP,Qualcomm Snapdragon 695,"8,340mAh",11 inches,"PKR 89,999","INR 33,999","CNY 2,500",USD 350,"AED 1,300",2022
Realme,Pad Mini 32GB,372g,3GB,5MP,8MP,Unisoc T616,"6,400mAh",8.7 inches,"PKR 44,999","INR 15,999","CNY 1,100",USD 160,AED 600,2022
Realme,Pad Mini 64GB,372g,4GB,5MP,8MP,Unisoc T616,"6,400mAh",8.7 inches,"PKR 49,999","INR 17,999","CNY 1,300",USD 180,AED 660,2022
Realme,Pad Slim 64GB,440g,4GB,8MP,8MP,MediaTek Helio G80,"7,100mAh",10.4 inches,"PKR 56,999","INR 19,499","CNY 1,350",USD 200,AED 730,2022
Realme,Pad Slim 128GB,440g,6GB,8MP,8MP,MediaTek Helio G80,"7,100mAh",10.4 inches,"PKR 62,999","INR 21,999","CNY 1,550",USD 220,AED 800,2022
Realme,TechLife Pad Neo 64GB,465g,4GB,8MP,8MP,MediaTek Helio G85,"7,200mAh",10.5 inches,"PKR 59,999","INR 20,999","CNY 1,400",USD 210,AED 770,2024
Realme,TechLife Pad Neo 128GB,465g,6GB,8MP,8MP,MediaTek Helio G85,"7,200mAh",10.5 inches,"PKR 64,999","INR 22,999","CNY 1,600",USD 230,AED 850,2024
Xiaomi,Xiaomi 15 Pro 256GB,210g,12GB,32MP,50MP (Main) + 50MP (Ultra-wide) + 50MP (Telephoto),Snapdragon 8 Elite,"6,100mAh",6.73 inches,"PKR 199,999","INR 89,999","CNY 5,299",USD 799,"AED 3,299",2024
Xiaomi,Xiaomi 15 Pro 512GB,210g,16GB,32MP,50MP (Main) + 50MP (Ultra-wide) + 50MP (Telephoto),Snapdragon 8 Elite,"6,100mAh",6.73 inches,"PKR 219,999","INR 99,999","CNY 5,799",USD 899,"AED 3,699",2024
Xiaomi,Xiaomi 15 Pro 1TB,210g,16GB,32MP,50MP (Main) + 50MP (Ultra-wide) + 50MP (Telephoto),Snapdragon 8 Elite,"6,100mAh",6.73 inches,"PKR 239,999","INR 109,999","CNY 6,499",USD 999,"AED 4,099",2024
Xiaomi,Xiaomi 15 256GB,190g,12GB,32MP,50MP (Main) + 50MP (Ultra-wide),Snapdragon 8 Elite,"5,400mAh",6.36 inches,"PKR 179,999","INR 79,999","CNY 4,299",USD 699,"AED 2,899",2024
Xiaomi,Xiaomi 15 512GB,190g,16GB,32MP,50MP (Main) + 50MP (Ultra-wide),Snapdragon 8 Elite,"5,400mAh",6.36 inches,"PKR 199,999","INR 89,999","CNY 4,799",USD 799,"AED 3,299",2024
Xiaomi,Xiaomi 14T Pro 256GB,209g,12GB,32MP,50MP (Main) + 50MP (Ultra-wide) + 50MP (Telephoto),Dimensity 9300+,"5,000mAh",6.67 inches,"PKR 169,999","INR 74,999","CNY 3,999",USD 634.99,"AED 2,699",2024
Xiaomi,Xiaomi 14T Pro 512GB,209g,12GB,32MP,50MP (Main) + 50MP (Ultra-wide) + 50MP (Telephoto),Dimensity 9300+,"5,000mAh",6.67 inches,"PKR 189,999","INR 84,999","CNY 4,299",USD 790.77,"AED 2,999",2024
Xiaomi,Xiaomi 14T Pro 1TB,209g,12GB,32MP,50MP (Main) + 50MP (Ultra-wide) + 50MP (Telephoto),Dimensity 9300+,"5,000mAh",6.67 inches,"PKR 209,999","INR 94,999","CNY 4,799",USD 899,"AED 3,299",2024
Xiaomi,Xiaomi 14T 256GB,195g,12GB,32MP,50MP (Main) + 50MP (Ultra-wide),Dimensity 8300-Ultra,"5,000mAh",6.67 inches,"PKR 149,999","INR 69,999","CNY 3,499",USD 599,"AED 2,499",2024
Xiaomi,Xiaomi 14T 512GB,195g,12GB,32MP,50MP (Main) + 50MP (Ultra-wide),Dimensity 8300-Ultra,"5,000mAh",6.67 inches,"PKR 169,999","INR 79,999","CNY 3,799",USD 699,"AED 2,799",2024
Xiaomi,Xiaomi 14 Pro 256GB,206g,12GB,32MP,50MP (Main) + 50MP (Ultra-wide) + 50MP (Telephoto),Snapdragon 8 Gen 3,"5,000mAh",6.73 inches,"PKR 189,999","INR 84,999","CNY 4,799",USD 799,"AED 3,299",2023
Xiaomi,Xiaomi 14 Pro 512GB,206g,12GB,32MP,50MP (Main) + 50MP (Ultra-wide) + 50MP (Telephoto),Snapdragon 8 Gen 3,"5,000mAh",6.73 inches,"PKR 209,999","INR 94,999","CNY 5,299",USD 899,"AED 3,699",2023
Xiaomi,Xiaomi 14 256GB,189g,12GB,32MP,50MP (Main) + 50MP (Ultra-wide),Snapdragon 8 Gen 3,"4,610mAh",6.36 inches,"PKR 169,999","INR 74,999","CNY 3,999",USD 699,"AED 2,899",2023
Xiaomi,Xiaomi 14 512GB,189g,12GB,32MP,50MP (Main) + 50MP (Ultra-wide),Snapdragon 8 Gen 3,"4,610mAh",6.36 inches,"PKR 189,999","INR 84,999","CNY 4,499",USD 799,"AED 3,299",2023
Xiaomi,Redmi Note 14 Pro+ 5G 128GB,205g,8GB,16MP,200MP (Main) + 8MP (Ultra-wide) + 2MP (Macro),Snapdragon 7s Gen 3,"5,110mAh",6.67 inches,"PKR 89,999","INR 29,999","CNY 2,499",USD 374.90,"AED 1,499",2024
Xiaomi,Redmi Note 14 Pro+ 5G 256GB,205g,12GB,16MP,200MP (Main) + 8MP (Ultra-wide) + 2MP (Macro),Snapdragon 7s Gen 3,"5,110mAh",6.67 inches,"PKR 99,999","INR 32,999","CNY 2,799",USD 399.00,"AED 1,599",2024
Xiaomi,Redmi Note 14 Pro+ 5G 512GB,205g,16GB,16MP,200MP (Main) + 8MP (Ultra-wide) + 2MP (Macro),Snapdragon 7s Gen 3,"5,110mAh",6.67 inches,"PKR 109,999","INR 35,999","CNY 3,099",USD 429.00,"AED 1,699",2024
Xiaomi,Redmi Note 14 Pro 5G 128GB,195g,8GB,16MP,108MP (Main) + 8MP (Ultra-wide) + 2MP (Macro),MediaTek Dimensity 7300-Ultra,"5,500mAh",6.67 inches,"PKR 79,999","INR 27,999","CNY 2,199",USD 349.00,"AED 1,399",2024
Xiaomi,Redmi Note 14 Pro 5G 256GB,195g,12GB,16MP,108MP (Main) + 8MP (Ultra-wide) + 2MP (Macro),MediaTek Dimensity 7300-Ultra,"5,500mAh",6.67 inches,"PKR 89,999","INR 30,999","CNY 2,499",USD 379.00,"AED 1,499",2024
Xiaomi,Redmi Note 14 Pro 4G 128GB,190g,6GB,16MP,108MP (Main) + 8MP (Ultra-wide) + 2MP (Macro),Qualcomm Snapdragon 732G,"5,000mAh",6.67 inches,"PKR 69,999","INR 24,999","CNY 1,999",USD 299.00,"AED 1,199",2024
Xiaomi,Redmi Note 14 Pro 4G 256GB,190g,8GB,16MP,108MP (Main) + 8MP (Ultra-wide) + 2MP (Macro),Qualcomm Snapdragon 732G,"5,000mAh",6.67 inches,"PKR 79,999","INR 27,999","CNY 2,299",USD 329.00,"AED 1,299",2024
Xiaomi,Redmi Note 14 5G 128GB,185g,6GB,16MP,50MP (Main) + 8MP (Ultra-wide) + 2MP (Macro),MediaTek Dimensity 7025-Ultra,"5,000mAh",6.67 inches,"PKR 59,999","INR 21,999","CNY 1,799",USD 279.00,"AED 1,099",2024
Xiaomi,Redmi Note 14 5G 256GB,185g,8GB,16MP,50MP (Main) + 8MP (Ultra-wide) + 2MP (Macro),MediaTek Dimensity 7025-Ultra,"5,000mAh",6.67 inches,"PKR 69,999","INR 24,999","CNY 2,099",USD 309.00,"AED 1,199",2024
Xiaomi,Redmi Note 14 4G 128GB,180g,4GB,16MP,50MP (Main) + 8MP (Ultra-wide) + 2MP (Macro),Qualcomm Snapdragon 680,"5,000mAh",6.67 inches,"PKR 49,999","INR 18,999","CNY 1,599",USD 249.00,AED 999,2024
Xiaomi,Redmi Note 14 4G 256GB,180g,6GB,16MP,50MP (Main) + 8MP (Ultra-wide) + 2MP (Macro),Qualcomm Snapdragon 680,"5,000mAh",6.67 inches,"PKR 59,999","INR 21,999","CNY 1,899",USD 279.00,"AED 1,099",2024
Xiaomi,Redmi 14C 5G 64GB,195g,4GB,8MP,50MP (Main) + 2MP (Depth),MediaTek Dimensity 700,"5,000mAh",6.5 inches,"PKR 39,999","INR 14,999","CNY 1,299",USD 199.00,AED 799,2024
Xiaomi,Redmi 14C 5G 128GB,195g,6GB,8MP,50MP (Main) + 2MP (Depth),MediaTek Dimensity 700,"5,000mAh",6.5 inches,"PKR 44,999","INR 16,999","CNY 1,499",USD 229.00,AED 899,2024
Huawei,P50,181g,8GB,13MP,50MP,Snapdragon 888 4G,"4,100mAh",6.5 inches,"PKR 129,999","INR 59,999","CNY 4,488",USD 699,"AED 2,599",2021
Huawei,P50 Pro,195g,8GB,13MP,50MP,Snapdragon 888 4G,"4,360mAh",6.6 inches,"PKR 149,999","INR 79,999","CNY 5,988",USD 899,"AED 3,299",2021
Huawei,P50 Pocket,190g,8GB,10.7MP,40MP,Snapdragon 888 4G,"4,000mAh",6.9 inches (unfolded),"PKR 199,999","INR 129,999","CNY 8,988","USD 1,299","AED 4,799",2021
Huawei,Mate 40E,188g,8GB,13MP,64MP,Kirin 990E 5G,"4,200mAh",6.5 inches,"PKR 139,999","INR 69,999","CNY 4,599",USD 799,"AED 2,999",2021
Huawei,Mate X2,295g,8GB,16MP,50MP,Kirin 9000 5G,"4,500mAh",8.0 inches (unfolded),"PKR 349,999","INR 249,999","CNY 17,999","USD 2,699","AED 9,999",2021
Huawei,Nova 9,175g,8GB,32MP,50MP,Snapdragon 778G 4G,"4,300mAh",6.57 inches,"PKR 89,999","INR 37,999","CNY 2,699",USD 499,"AED 1,899",2021
Huawei,Nova 9 Pro,186g,8GB,Dual 32MP,50MP,Snapdragon 778G 4G,"4,000mAh",6.72 inches,"PKR 109,999","INR 44,999","CNY 3,499",USD 599,"AED 2,199",2021
Huawei,P50E,181g,8GB,13MP,50MP,Snapdragon 778G 4G,"4,100mAh",6.5 inches,"PKR 119,999","INR 54,999","CNY 4,088",USD 649,"AED 2,399",2022
Huawei,Mate Xs 2,255g,8GB,10.7MP,50MP,Snapdragon 888 4G,"4,600mAh",7.8 inches (unfolded),"PKR 299,999","INR 199,999","CNY 14,999","USD 2,499","AED 8,999",2022
Huawei,Mate 50,202g,8GB,13MP,50MP,Snapdragon 8+ Gen 1 4G,"4,460mAh",6.7 inches,"PKR 169,999","INR 84,999","CNY 6,299",USD 999,"AED 3,699",2022
Huawei,Mate 50 Pro,205g,8GB,13MP,50MP,Snapdragon 8+ Gen 1 4G,"4,700mAh",6.74 inches,"PKR 189,999","INR 99,999","CNY 7,299","USD 1,199","AED 4,399",2022
Huawei,Nova 10,168g,8GB,60MP,50MP,Snapdragon 778G 4G,"4,000mAh",6.67 inches,"PKR 99,999","INR 39,999","CNY 2,699",USD 499,"AED 1,899",2022
Huawei,Nova 10 Pro,191g,8GB,Dual 60MP,50MP,Snapdragon 778G 4G,"4,500mAh",6.78 inches,"PKR 119,999","INR 49,999","CNY 3,499",USD 599,"AED 2,199",2022
Huawei,Nova 10 SE,184g,8GB,16MP,108MP,Snapdragon 680 4G,"4,500mAh",6.67 inches,"PKR 79,999","INR 34,999","CNY 2,299",USD 399,"AED 1,499",2022
Huawei,P60,197g,8GB,13MP,48MP (wide) + 13MP (ultrawide) + 48MP (telephoto),Snapdragon 8+ Gen 1 4G,"4,815mAh",6.67 inches,"PKR 169,999","INR 84,999","CNY 6,988",USD 999,"AED 3,699",2023
Huawei,P60 Pro,200g,8GB / 12GB,13MP,48MP (wide) + 13MP (ultrawide) + 48MP (telephoto),Snapdragon 8+ Gen 1 4G,"4,815mAh",6.67 inches,"PKR 189,999","INR 99,999","CNY 7,988","USD 1,099","AED 4,199",2023
Huawei,P60 Art,206g,8GB / 12GB,13MP,48MP (wide) + 40MP (ultrawide) + 48MP (telephoto),Snapdragon 8+ Gen 1 4G,"5,100mAh",6.73 inches,"PKR 219,999","INR 119,999","CNY 8,988","USD 1,299","AED 4,799",2023
Huawei,Mate X3,239g,12GB,8MP,50MP (wide) + 13MP (ultrawide) + 12MP (periscope telephoto),Snapdragon 8+ Gen 1 4G,"4,800mAh",7.85 inches (unfolded),"PKR 349,999","INR 249,999","CNY 13,999","USD 2,499","AED 9,999",2023
Huawei,Mate 60,209g,12GB,13MP,50MP (wide) + 12MP (ultrawide) + 12MP (telephoto),Kirin 9000S,"4,750mAh",6.7 inches,"PKR 199,999","INR 109,999","CNY 6,999","USD 1,099","AED 4,099",2023
Huawei,Mate 60 Pro,225g,12GB,13MP,50MP (wide) + 40MP (ultrawide) + 48MP (telephoto),Kirin 9000S,"5,000mAh",6.82 inches,"PKR 229,999","INR 129,999","CNY 7,999","USD 1,299","AED 4,699",2023
Huawei,Mate 60 Pro+,235g,12GB,13MP,50MP (wide) + 48MP (ultrawide) + 48MP (telephoto),Kirin 9000S,"5,200mAh",6.82 inches,"PKR 249,999","INR 149,999","CNY 8,999","USD 1,499","AED 5,199",2023
Huawei,Nova 11,168g,8GB,60MP,50MP (wide) + 8MP (ultrawide),Snapdragon 778G 4G,"4,500mAh",6.7 inches,"PKR 89,999","INR 44,999","CNY 2,999",USD 499,"AED 1,899",2023
Huawei,Nova 11 Pro,188g,8GB,60MP (ultrawide) + 8MP (telephoto),50MP (wide) + 8MP (ultrawide),Snapdragon 778G 4G,"4,500mAh",6.78 inches,"PKR 109,999","INR 54,999","CNY 3,499",USD 599,"AED 2,199",2023
Huawei,Nova 11 Ultra,188g,12GB,60MP (ultrawide) + 8MP (telephoto),50MP (wide) + 8MP (ultrawide),Snapdragon 778G 4G,"4,500mAh",6.78 inches,"PKR 129,999","INR 64,999","CNY 3,999",USD 699,"AED 2,499",2023
Huawei,Pura 70,220g,12GB,13MP,50MP + 13MP + 12MP,Kirin 9010,"4,900mAh",6.8 inches,"PKR 169,999","INR 84,999","CNY 6,988",USD 999,"AED 3,699",2024
Huawei,Pura 70 Pro,220g,12GB,13MP,50MP + 12.5MP + 48MP,Kirin 9010,"5,050mAh",6.8 inches,"PKR 189,999","INR 99,999","CNY 7,988","USD 1,099","AED 4,199",2024
Huawei,Pura 70 Pro+,220g,12GB,13MP,50MP + 12.5MP + 48MP,Kirin 9010,"5,050mAh",6.8 inches,"PKR 209,999","INR 114,999","CNY 8,988","USD 1,199","AED 4,699",2024
Huawei,Pura 70 Ultra,226g,16GB,13MP,50MP + 40MP + 50MP,Kirin 9010,"5,200mAh",6.8 inches,"PKR 229,999","INR 129,999","CNY 9,988","USD 1,299","AED 5,199",2024
Huawei,Mate 70,220g,12GB,13MP,50MP + 12MP,Kirin 9010,"4,900mAh",6.7 inches,"PKR 179,999","INR 89,999","CNY 5,499",USD 899,"AED 3,399",2024
Huawei,Mate 70 Pro,220g,12GB,13MP,50MP + 12MP + 40MP,Kirin 9010,"5,000mAh",6.8 inches,"PKR 199,999","INR 104,999","CNY 6,499",USD 999,"AED 3,899",2024
Huawei,Mate 70 Pro+,220g,12GB,13MP,50MP + 12MP + 40MP,Kirin 9010,"5,000mAh",6.8 inches,"PKR 219,999","INR 119,999","CNY 7,499","USD 1,099","AED 4,399",2024
Huawei,Mate X6,241g,12GB,8MP,50MP + 13MP + 12MP,Kirin 9010,"4,800mAh",7.93 inches,"PKR 349,999","INR 249,999","CNY 12,999","USD 2,499","AED 9,999",2024
Huawei,Nova 12,168g,8GB,60MP,50MP + 8MP,Kirin 9000S,"4,500mAh",6.7 inches,"PKR 89,999","INR 44,999","CNY 2,999",USD 499,"AED 1,899",2024
Huawei,Nova 12 Pro,188g,8GB,60MP + 8MP,50MP + 8MP,Kirin 9000S,"4,500mAh",6.78 inches,"PKR 109,999","INR 54,999","CNY 3,499",USD 599,"AED 2,199",2024
Huawei,Mate XT 256GB,245g,12GB,13MP,50MP + 12MP + 48MP,Kirin 9010,"5,000mAh",7.92 inches,"PKR 359,999","INR 259,999","CNY 13,499","USD 2,599","AED 10,499",2024
Huawei,Mate XT 512GB,245g,12GB,13MP,50MP + 12MP + 48MP,Kirin 9010,"5,000mAh",7.92 inches,"PKR 389,999","INR 274,999","CNY 14,499","USD 2,799","AED 11,099",2024
Huawei,Nova 13 256GB,170g,8GB,50MP,50MP + 8MP,Kirin 9000S,"4,600mAh",6.7 inches,"PKR 94,999","INR 47,999","CNY 3,199",USD 529,"AED 1,999",2024
Huawei,Nova 13 512GB,170g,8GB,50MP,50MP + 8MP,Kirin 9000S,"4,600mAh",6.7 inches,"PKR 109,999","INR 54,999","CNY 3,699",USD 599,"AED 2,299",2024
Huawei,Nova 13 Pro 256GB,190g,8GB,60MP + 8MP,50MP + 8MP,Kirin 9000S,"4,600mAh",6.78 inches,"PKR 119,999","INR 59,999","CNY 3,999",USD 649,"AED 2,399",2024
Huawei,Nova 13 Pro 512GB,190g,8GB,60MP + 8MP,50MP + 8MP,Kirin 9000S,"4,600mAh",6.78 inches,"PKR 134,999","INR 67,999","CNY 4,499",USD 729,"AED 2,699",2024
Google,Pixel 3a 64GB,147g,4GB,8MP,12.2MP,Snapdragon 670,"3,000mAh",5.6 inches,"PKR 69,999","INR 39,999","CNY 2,899",USD 399,"AED 1,599",2019
Google,Pixel 3a XL 64GB,167g,4GB,8MP,12.2MP,Snapdragon 670,"3,700mAh",6.0 inches,"PKR 79,999","INR 44,999","CNY 3,299",USD 479,"AED 1,799",2019
Google,Pixel 4 64GB,162g,6GB,8MP,12.2MP,Snapdragon 855,"2,800mAh",5.7 inches,"PKR 119,999","INR 59,999","CNY 4,799",USD 799,"AED 3,199",2019
Google,Pixel 4 XL 64GB,193g,6GB,8MP,12.2MP,Snapdragon 855,"3,700mAh",6.3 inches,"PKR 139,999","INR 69,999","CNY 5,499",USD 899,"AED 3,599",2019
Google,Pixel 4a 128GB,143g,6GB,8MP,12.2MP,Snapdragon 730G,"3,140mAh",5.8 inches,"PKR 89,999","INR 31,999","CNY 2,999",USD 349,"AED 1,399",2020
Google,Pixel 4a 5G 128GB,168g,6GB,8MP,12.2MP,Snapdragon 765G,"3,885mAh",6.2 inches,"PKR 109,999","INR 37,999","CNY 3,799",USD 499,"AED 1,999",2020
Google,Pixel 5 128GB,151g,8GB,8MP,12.2MP,Snapdragon 765G,"4,080mAh",6.0 inches,"PKR 139,999","INR 49,999","CNY 4,599",USD 699,"AED 2,799",2020
Google,Pixel 5a 128GB,183g,6GB,8MP,12.2MP,Snapdragon 765G,"4,680mAh",6.34 inches,"PKR 109,999","INR 42,999","CNY 3,999",USD 449,"AED 1,799",2021
Google,Pixel 6 128GB,207g,8GB,8MP,50MP,Google Tensor,"4,614mAh",6.4 inches,"PKR 159,999","INR 59,999","CNY 5,999",USD 699,"AED 2,999",2021
Google,Pixel 6 Pro 256GB,210g,12GB,11.1MP,50MP,Google Tensor,"5,003mAh",6.71 inches,"PKR 199,999","INR 79,999","CNY 7,199",USD 899,"AED 3,499",2021
Google,Pixel 6a 128GB,178g,6GB,8MP,12.2MP,Google Tensor,"4,410mAh",6.1 inches,"PKR 129,999","INR 43,999","CNY 4,299",USD 449,"AED 1,999",2022
Google,Pixel 7 128GB,197g,8GB,10.8MP,50MP,Google Tensor G2,"4,355mAh",6.3 inches,"PKR 169,999","INR 64,999","CNY 6,199",USD 599,"AED 2,399",2022
Google,Pixel 7 Pro 256GB,212g,12GB,10.8MP,50MP,Google Tensor G2,"5,000mAh",6.7 inches,"PKR 229,999","INR 89,999","CNY 7,999",USD 899,"AED 3,599",2022
Google,Pixel 7a 128GB,193g,8GB,10.8MP,64MP,Google Tensor G2,"4,385mAh",6.1 inches,"PKR 139,999","INR 44,999","CNY 4,599",USD 499,"AED 2,199",2023
Google,Pixel 8 128GB,187g,8GB,10.5MP,50MP,Google Tensor G3,"4,575mAh",6.2 inches,"PKR 179,999","INR 69,999","CNY 6,399",USD 699,"AED 2,799",2023
Google,Pixel 8 Pro 256GB,213g,12GB,10.5MP,50MP,Google Tensor G3,"5,050mAh",6.7 inches,"PKR 249,999","INR 99,999","CNY 8,499",USD 999,"AED 3,999",2023
Google,Pixel 8a 128GB,194g,8GB,10.5MP,64MP,Google Tensor G3,"4,385mAh",6.1 inches,"PKR 149,999","INR 49,999","CNY 4,999",USD 549,"AED 2,399",2024
Google,Pixel 9 128GB,195g,8GB,10.8MP,50MP,Google Tensor G4,"4,600mAh",6.3 inches,"PKR 189,999","INR 74,999","CNY 6,599",USD 799,"AED 3,199",2024
Google,Pixel 9 Pro 256GB,216g,12GB,10.8MP,50MP,Google Tensor G4,"5,050mAh",6.7 inches,"PKR 259,999","INR 109,999","CNY 8,799","USD 1,099","AED 4,199",2024
Google,Pixel 9 Pro XL 512GB,222g,16GB,10.8MP,50MP,Google Tensor G4,"5,250mAh",6.8 inches,"PKR 299,999","INR 129,999","CNY 9,799","USD 1,299","AED 4,999",2024
Google,Pixel 9 Pro Fold 512GB,250g,16GB,10.8MP,50MP,Google Tensor G4,"5,500mAh",7.6 inches,"PKR 399,999","INR 179,999","CNY 13,999","USD 1,799","AED 6,999",2024
